title,link,date
Rithm Grads Win First Place in StepZen Hackathon,/blog/grads-win-stepzen-hackathon,2022-09-06
Choosing the Right Bootcamp,/blog/choosing-a-bootcamp,2022-06-23
Interview: Rithm Grads at Google,/blog/grads-at-google,2022-05-27
Three Rithm Students Accepted to the 2022 Pinterest Engineering Internship,/blog/pinterest-internship,2022-05-13
The Top 5 Questions People Ask About Rithm School,/blog/top-5-admissions-questions,2022-03-21
Announcing Rithm's 2022 Scholarship Fund,/blog/2022-scholarship,2021-12-08
October 2021 Women's Scholarship Fund,/blog/october-2021-womens-scholarship-fund,2021-08-18
R19: 100% Outcomes Within 4 Months Of Graduating,/blog/r19-100-outcomes-within-4-months-of-graduating,2021-07-13
Student Interview: R20 On Remote Company Projects ,/blog/student-interview-clever-counsel-company-projects,2021-05-25
Good Ideas for Better Variable Names,/blog/good-ideas-for-better-variable-names,2021-05-04
TypeScript: How To Get Started,/blog/typescript-how-to-get-started,2021-04-21
3 Patterns for Refactoring Your Code,/blog/three-simple-patterns-for-refactoring-your-code,2021-04-12
From A Rithm Instructor: Technical Job Search Blockers,/blog/rithm-instructor-technical-job-search-blockers,2021-03-12
Coming Up in Python: `match`,/blog/coming-up-in-python-match,2021-03-03
2021 Rithm School Scholarships,/blog/2021-rithm-school-scholarships,2021-02-24
6 Tips To Push Through The Discomfort Of The Job Search,/blog/push-through-discomfort-of-the-job-search,2021-02-17
Our Updated Interview Process,/blog/our-updated-interview-process,2021-01-25
Using The JavaScript Ternary Operator Effectively,/blog/using-the-javascript-ternary-operator,2020-11-09
Seven Tips For Dealing With Imposter Syndrome,/blog/dealing-with-coding-bootcamp-imposter-syndrome,2020-10-20
Alumni Spotlight: Genna Mergola,/blog/alumni-spotlight-genna-mergola,2020-10-13
