naslov,text
"39,2","Tu na vratima gde zivim
mesto imena mi pise sama
na moj talenat za ljubav
kao da je pala neka tama

Laku noc, laku noc samoco idem
a ti nisi pozvana
laku noc, znas da doci cu ti opet 
u to budi sigurna

Tu na vratima gde zivim
mesto imena mi pise kuda
samo telo mi je ovde
srce mi je kao nekad svuda

Laku noc, laku noc samoco idem
a ti nisi pozvana
laku noc, znas da doci cu ti opet
u to budi sigurna

Ref.
39 sa 2
nije ti dobro a izlazis napolje 
toliko topla sam ja
s koliko nula pise se tuga 
znam ja najbolje, znam ja najbolje

Nije ti dobro a izlazis napolje
s koliko nula pise se tuga 

Tu na vratima gde zivim
mesto imena mi pise sama
na moj talenat za ljubav
kao da je pala neka tama

Laku noc, laku noc samoco idem
a ti nisi pozvana
laku noc, znas da doci cu ti opet 
u to budi sigurna

Ref.

Znam ja najbolje
(3x)"
5 minuta,"Hocu da budem luda 
bar 5 minuta
hocu da budem luda
bar 5 minuta
bar 5 minuta

Previse kontrole
previse i telo joj se opire
bromazepam jedan ili dva
na mene kontra deluje

Zeni toj sad je kraj
aj, aj, aj, aj, aj, aj
dugo sam se ja
pod rucnom drzala
sad gledaj me i uzivaj

Ref.
Kada ova zena gori
tad gori sve
kad kazu, joj, uspori
tad lomi sve
ne jednom, ne sto puta
hocu da budem luda
bar 5 minuta, bar 5 minuta

Jos za nocne igre dobra sam
taj osecaj se vratio
predugo sam bila normalna
bas takvu si me pamtio

Ref.

Po vatri ja hodam
i pijem da mi se vrti
i vec od vode mi se muti
a ti, a ti, a ti
oko struka vrti, vrti, ma vrti me

Ref."
Ako te ona odbije,"Ne vidis dalje od nje
sav si se predao
oh kad bi mene neko
tako gledao

Tuzan je tvoj zivot s njom
kasno si shvatio
oh kad bi za mnom neko
toliko patio

Ref.
Ako te ona odbije
tuge neka nas spoje
ako ti srce razbije
dacu ti ovo moje

I kada ona odustane
ja cu jos da se borim
ako ti snove unisti
ja cu da ti ih stvorim

Sedis u mraku sam
za druge izgubljen
oh kad bi i u mene
tako bio zaljubljen

Osecam dolazi kraj
sve si propustio
oh kad bi i za mnom neko 
suzu pustio

Ref."
Andjeo drugog reda,"Nije ljubav hram da joj verujem
stoput me je izdala
da si barem star pa da ucim se
na tvojim greskama

Da sam mala ja pa da kazes mi
ne veruj neznancima
sad je gotovo
ostavi me bar boljim strelcima

Jer kad mi u srce pucaju
neka pucaju ti sto znaju

Ref.
Andjeo si decko drugog reda
iz tebe me samo smrtnik gleda
tebi jos ljubi se, meni se ujeda

Andjeo si decko druge klase
licis mi na ovde bilo kog
nisi ti taj kalibar
da spases me zivota mog

Kad kroz isto prodjes
nemoj da mi dodjes

Kad ti uzmu sve ostane ti tad
olovo u grudima
da si barem star da kazes
uzalud se nadas cudima

Sada kasno je i nebu jasno je
ne lisavaj me sudbine
kada sam vec ja bez tebe zivela
sve ove godine

Ref."
Autogram,"Pamtis li kad sam te
za sebe vezala
nisi tu, al' te jos
nisam odvezala
ko ti je rekao
da nismo zajedno

Mozes da me neces
i da teras me
to u mojoj glavi
ne racuna se

Gospodine moj
nisam samo broj
o ljubavi se tu
radi velikoj

Ref. 2x
I da nisi jesi
jos si sa mnom ti u vezi
i da neces hoces
nije vazno s kim si, gde si
sa hiljadu zena
s jednom ili sasvim sam
na tvom je srcu moj autogram

Sa kojim pravom se
jos nisi javio
tu gde sam dosla
nisi pojavio
ko ti je rekao
da nismo zajedno

Ref. 2x

Ref. 2x"
Babaroga,"Ti jesi mangup citam ti s lica
tebi se svidja svaka suknjica
al' nemas srece sto si me sreo
jer znam sta hoces i sta bi hteo

Ref. 2x
Igrajmo zato, igrajmo
ljubavnu igru zajedno
iako si babaroga
i zavodnik zenskog roda

A ja sam zavodnica
muskih srca lomilica
i tebe cu babarogo
srediti uskoro

Prava si napast, ne das mi mira
svuda me pratis, to me nervira
ja hocu ljubav, hocu da patis
za mnoge grehe jednom da platis

Ref. 2x

Te tvoje finte to je za klinke
ja hocu cara prave ljubavi
ja hocu snove vecno da traju
i da se budim u zagrljaju

Ref. 2x"
Batali ,"Ma neka, hvala znam ja sama
da se vratim kuci
neka odavde ces dalje sam
prijatelju

Ja mozda ne znam
sta bih htela
da li sam hladna ili vrela
ali ja znam ono sto znam

Meni su krv i tuga
dva najbolja druga
ime mi lose zvuci
na tvojim usnama

Ma pusti me
da vodim ljubav
sa svojim zeljama
sa svojim zeljama

Ref:
Hej, sreco, zapali
nisam ja ta to batali
nemam ja lice za smeh
nemam ja telo za greh

Hej, sreco, zapali
nisam ja ta to batali
bio bi mi u isti mah
cena i nadnica za strah
nadnica za strah

Ne skidaj kaput, neka, hvala
ubiti me nece zima
pojesti me nece mrak
prijatelju

Slusaj jer ja 
ne pricam dvaput
toliko koliko sam ja slaba
ti nikad neces biti jak

Meni su krv i tuga
dva najbolja druga
ime mi lose zvuci
na tvojim usnama

Ma pusti me
da vodim ljubav
sa svojim zeljama
sa svojim zeljama

Ref.

I tvoje malo mnogo je
a mnogo malo je
za dan u nocima, za bes u ocima
za moju staru glad jos si nov i mlad

Ref."
Beograd,"Znam za jedan grad
zove se Beograd
znam za jedno ime
al' ga ne spominjem

Znam za jedan grad
gde si vecno mlad
znam i jedno srce
sto ga proklinjem

Ref.
Jednom sam probala
te tvoje usne od cemera
i ko ce ovo
ludilo da otera

Jednom sam probala
iz srca da te izbrisem
al' svako prolece
na tebe mirise

Znam mu boju kosulje
ja je kupila
znam mu ukus usana
ja ih ljubila

Znam i s' kime vino
nocas pije
znam da i on zna
kako mi je

Ref.

Ovo secanje rusi meni sve
moj Beograde, zagrli me"
Bivsi,"Znam da sam bila jedna od mnogih
koje su tebi dale sve
al' samo ja sam imala snage 
da kazem tebi ne

Ref. 2x
Bices mi sutra bivsi
bivsa cu tebi biti
sve ce se bivsim zvati
i ja, i ljubav, i ti

Znam da sam bila jedna od mnogih
sto su zbog tebe cinile sve
al' samo ja sam jedina rekla
rekla ostavljam te

Ref. 2x

Znam da sam bila jedna od mnogih
koje te nisu varale
al' samo ja sam imala snage
da s tobom prekinem sve

Ref. 2x"
Brat,"Puklo vece prilazim ti sama
 haljina providna
providne su moje namere
 ljubila bih te

A ti mi kazes sta ces ti tu
 bratski tapses po ramenu
ja hocu sve
 ti kâ€™o sestru gledas me

Ref.
Imam fore jedan sat
 nisi mi ti brate brat
ne, ne, ne, ne 
kao svemirski si brod
 samo smo po casi rod

Ne, ne, ne, ne 
neke se vatre nikada ne ugase
lose veze, ne, ne, ne 
nikad nisu gotove, hajmo dalje

Puklo vece, pukla obecanja
sto sebi dala sam
opet imam zadnje namere
 ljubila bih te

Ref."
Brat i sestra,"Iste nam je boje krv
boja koze, isti kosmari 
ne smo rekli sudbini
posle svega sta smo ja i ti

Ref.
Brat i sestra svakako
kci i otac nekako
muz i zena nikako

Sve smo mogli biti mi
da je duza bila noc
ne smo rekli sudbini
posle svega sta smo ja i ti

Ref. 3x

Brat i sestra"
Bruka,"O, pa ti to meni namerno
radis, pa ti to meni namerno
zbog nje novu otvaras flasu
mesto meni njoj punis casu

Ref.
Bruka, pijete
a meni je muka
sta ce na njoj tvoja ruka
kako ti ne dosadi

Bruka, pijete
a meni je muka
hajde reci da je volis
ako ti se ne gadi

O, pa ti to meni namerno
radis, pa ti to meni namerno
za nju pice slatko i hladno
meni toplo, jeftino, jadno

Ref.

Ref.

Ref."
"Brze, brze","Na vrat, na nos, na brzinu
drugacije ja ne umem
zivim brzo al' za tobom
polako cu ja da umrem

Uspeh, novac, karijera
sve to jednog dana prodje
ustanes pa opet legnes
uvek ti na isto dodje

Ref. 2x
Hajde brze, brze moj zivote
prolazi mi nemoj da se molis
samo dva puta se stvarno zivi
kad se rodis i kad volis

Danas jesmo, sutra nismo
bice ono ili ovo
isti dani, iste noci
ni mi nismo nista novo

Uspeh, novac, karijera
sve to jednog dana prodje
ustanes pa opet legnes
uvek ti na isto dodje

Ref. 2x

Ref. 2x"
Budi decko moj,"Treba mi osmeh tvoj
treba mi ruka tvoja
budi decko moj
ja devojka tvoja

Da me pratis na igranke
da dolazis na sastanke
da te pratim u armiju
kad jesenje kise liju

Ref. 2x
Da mi pises, da ti pisem
pisma nezna, duga
da se hvalis drugovima
da devojku mori tuga
(budi decko moj)

Ja necu nekog drugog
to nece dusa moja
budi decko moj
ja devojka tvoja

Da mi budes san i java
kad me sunce obasjava
da me gleda oko tvoje
da ja nesto imam svoje

Ref. 2x"
Cigani,"Da sam sad na mostu 
odmah bih se bacila
kad sam mu u ponoc
opet ledja videla

Preko dana spava
veran mi je
nocu budan luta
jednostavno takav je
danju dobar, nocu nije

Ref.
Cigani udrite
sve mu pare nocas uzmite
neka se zaduzi
kad god me rastuzi

Cigani udrite
kozu mu sa ledja skinite
da moli da mu platim dug
k'o da sam mu drug

A ja da mu ne dam
ne dam ni za lek
kad je danju covek
nocu necovek

Da sam sad na mostu 
odmah bih se bacila
kada ga iz srca
nisam jos izbacila

Ref.

Ref."
Cipelice,"Ja malena za zemlju pripela
visokoga momka srela
momka srela 
pa ga zavolela

Ref. 2x
Kupuj majko cipelice
sto imaju podpetice
dragi visok ko jelika
hocu ja da budem velika

Kad me ljubi mora se sagnuti
vrat ga moze zaboleti
pa se plasim 
da se ne naljuti

Ref. 2x

Cipelica s petom bi me spasila
ne bih vise bila mala
mislio bi kako 
sam porasla

Ref.

Kupuj majko cipelice
sto imaju podpetice
(5x)"
Crni sneg (duet Aca Lukas),"Pada crni sneg
pada po nama
napadao svih
sedam metara tuge
za noci preduge

Metar po metar
za svaku godinu
koju sam bez sna
sama provela
dok sam te cekala

Koliko pobede
toliko poraza
koliko predaje
toliko izdaje
da bi me na
kraju ostavila ti

Ref.
Ja znam necu te preboleti
mogu ja zbog
tebe brzo umreti
al' znam nesto
drugo plasi me
mozda cu preziveti

Pada crni sneg
veje danima
nek' me zaveje
manje bolece
nego bez tebe prolece

Crna pahulja
moja postelja
neka pokriva
s tobom propale dane
da trag ne ostane

Ref. 3x"
Crveno,"Nisam ti ja tako dobra s njom
da te ne bih takla ramenom
ako ti se dopadam 
sutra ces od muke puci
sto umesto poljupca 
rekao si vozim te kuci

Ref. 2x
Prodji sa mnom kroz crveno
bice moje sto je njeno
vezi oci i ne koci
prodji sa mnom kroz crveno

Znas sta mislim o takvim kao ti
lepi, verni ali dosadni
ako ti se dopadam 
sutra ces od muke puci
sto umesto poljupca 
rekao si vozim te kuci

Ref. 4x"
Cudo,"Cudo moje
ko me to od tebe skriva
dodji ne mozes da promasis
samo ti znas da sam ziva

Cudo moje
padni mi ko kisa s neba
i ponesi darove
kome treba sve mu treba

Ref.
Ako sam bila neverna losa
sirokog srca, nagradi me
ako sam bila dobra i verna
za svaki slucaj kazni me

Hej cudo hej, hej cudo hej
ako poludim samo se smej
hej cudo hej, dobra il' zla
na kraju uvek, zar ne placem ja

Cudo moje
sta je to u mojoj krvi
da promenim ih stotinu
svaki put si meni prvi

Cudo moje
ti nazdravi mi casom zuci
jer u zivotu drzi me
samo ono sto me muci

Ref.

Hej cudo hej, hej cudo hej
hej cudo hej, hej cudo hej
ako poludim samo se smej
hej cudo hej, dobra il' zla
na kraju uvek, zar ne placem ja"
Culo bola,"Mesec nocas zove zemlju
mozda je i dobije
samo mene nece niko
presekla sam linije

Mislio si da sam jaka
da cu da izdrzim sve
a ja isto ko i svaka
pucam gde je najtanje

Ref.
Ubijena celo vece sedim ja
ubijena od tih hladnih pogleda
ubijena dok ti letis oko nje
ubijena, culo bola zivo je

Nocas traze Atlantidu
ako je i pronadju
naci ce i mene tamo
'mesto u tvom narucju

Ref.

Priznao si, na svoj nacin
lose si me tesio
popila sam koju vise
bas si me se resio

Jer ko tesi taj i gresi
a ti si pogresio
odlazim, ne mogu vise
bas si me se resio

Ref."
Cvetak zanovetak,"Sa momcima kada setam
zbijam salu, zanovetam
a to njima nije pravo
pa mi kazu da sam djavo

Ref. 2x
Ja sam cvetak, cudan cvetak
ja sam cvetak zanovetak
neka znade momce svako
ubrati me nece lako

Ja sam cvetak, cudan cvetak
ja sam cvetak zanovetak

Znam da mnogi za mnom zude
neka, neka, nek' se trude
onaj ko me begenise
neka cezne i uzdise

Ref. 2x

Neka bude sta ce biti
ja se necu promeniti
ko jos moze da se nadje
sa mnom na kraj da izadje

Ref. 2x"
Da li to ljubav pravi od nas slabice,"I opet si pobedio
i opet me povredio
u glavi isti pritisak
na desnom dlanu rdjav znak
2x

Ref. 2x
Da li to ljubav pravi od nas slabice
il' ja to samo tako izgledam
al' kad te sretnem meni treba pice
u oci da te pogledam

I opet si me slomio
i ranu mi otvorio
al' mislila sam, dobro je
i nista se ne poznaje

Ref."
Da ne cuje zlo,"Hej ispod leda
me sunce gledalo
nesvanu jutra bez meda
da ne cuje zlo

Tekla recica studenica
a ja nasla gde je precica

Kad sam tebe prezalila
sve cu drugo lako
nista meni vise nece
ici naopako

Samo da, samo da
ne cuje zlo

Lete ptice, grabljivice
tudju srecu grabe
pa neka ih, sreca nije
ni bila za slabe

Samo da, samo da
ne cuje zlo

Tekla recica studenica
a ja nasla gde je precica

Ref.
Ide zivot, na dve vode
obe vode tebi brode
uzvodno ce voda stati
nizvodno joj necu dati

Da mi kupis rudnik zlata
ne bi ti pomoglo
daleko ti lepa kuca
a sto ne bi moglo

Samo da, samo da
ne cuje zlo

Tekla recica studenica
a ja nasla gde je precica

Ref.

Hej ispod leda
me sunce gledalo"
Da raskinem sa njom,"Uradi mi sad sve sto si 
s njom bez mene radio
znam radio si to 
samo da bi mi se zgadio

Volim ukus tvoga djona 
cak i kada na njemu donosis mi nju
jer vazno je da si mi tu

A sad mi daj njen broj 
da 'mesto tebe ja raskinem sa njom
da pozovem je, i kazem da si tu 
i da si za mnom lud
pusti me

Ref. 2x
Pusti me da raskinem s njom 
umesto tebe ja
neka slusa nocas kako volimo se
a onda spustim slusalicu jer sama ne mogu 
da uzdisem za oboje

A sada muci me 
kao sto si i nju mucio
znam radio si to 
samo da bi mi se smucio

Ref. 2x"
Da si nekad do bola voleo,"Da ti moje svicu zore
da cutanjem mojim cutis
moju tugu kao more
mogao bi da naslutis

Ref. 2x
Da si nekad do bola voleo
da ti dusa zaboravna nije
ni ti mene ne bi preboleo
pa makar bi znao kako mi je

Da te moje noci guse
da samoci danak dajes
slutio bi u dnu duse
koliko mi nedostajes

Ref. 2x

Da te moja tuga truje
da patnjama mojim patis
dusi sto te ocekuje
zurio bi da se vratis

Ref. 2x"
Decenija,"Dvadeset mi je i kusur godina
a prvi put placem i to je normalno
nema te a ja taman se navikla
da sam punoletna od tvojih dodira

S koliko godina postajes
umoran, sam i star
kad nemas kad
da budes mlad

Ref.
Moja si sreca i nesreca
koja od vas dve je bar minut starija
na pocetku i na kraju ti
a u pauzi jedna decenija

Izbegavam svoj glas
jer zvuci kao krik
plasi me i sluti
i to je normalno

Izbegavam svoj lik
na starim slikama
ta zena sto se smeje
ja ne znam ko je to

S koliko godina postajes 
umoran, sam i star
kad nemas kad
da budes mlad

Ref. 2x"
Detelina sa cetiri lista,"Ja sam mlada kao bela rada
tek mi srce obasjalo lice
tek sam bela krila rasirila
i prhnula medju golubice
(2x)

Ref. 2x
Detelino sa cetiri lista
odolecu tuzi i zalosti
zbogom rosne livade detinstva
zdravo plava nebeska mladosti

Duso moja plava od zumbula
dodjose nam najcvetniji dani
nista lepse do sad nisam cula
od ljubavi sto se deci brani
(2x)

Ref. 2x

Sto mi majko ne rece ranije
gde se kriju najsladje jabuke
sto ne rece da se najsjajnije
zvezde beru sa cetiri ruke
(2x)

Ref. 2x"
Devojko vestice,"Mislis li na mene 
tugo garava
ili ti je ravno 
sve do Kosova

Ljubila sam jagnje
 ujeo me vuk
sad zbog neke druge 
pijes kao smuk

Ref.
Devojko vestice
srecnice i gresnice
vrati ga, volim ga
jer ljubav nema granice

Sevnula je munja
 udari me grom
dokle ces ti tako 
terati po svom

Trazio si mnogo
 imao si sve
a ja samo zmiju 
da me otruje

Ref."
Didule,"Ref.
A didu didu didule
zbogom i prijatno
sve sto tebi svidja se
meni je odvratno

Pusti me s tim glupostima
da zbog tebe budem formalno 
dobra sa njom
da ne bi da joj kupim nesto
i vodim je na rucak
subotom i nedeljom

Ne volim te vise
sad te psujem tise
i kad ljubav umre
zivi sujeta

Ne delim ja nikad
s drugom prvo mesto
a kamoli svoju
stranu kreveta

Ref. 2x

Rekla bih ti ko je ona
ko je preko nje sve presao
ne vuci me
i nemoj ti sad meni lutko
lutka te je precrtala
daj postedi me

Ref. 2x"
Djacki spomenari,"Na svetu postoji mnogo lepih stvari
al' su najlepsi djacki spomenari
u njih se zapise 
kako je u skoli
ko se sa kim druzi 
i ko koga voli

Ref.
Lete dani kao ptice 
brzo rastu devojcice
ko cvetovi neki plavi 
i sanjaju o ljubavi

Spomenari kriju neke zelje sjajne
u njima su pesme 
i ljubavne tajne
sve u njima stoji 
sve u njima pise
ko se voli malo
a ko ponajvise

Ref.

U te knjige djacke 
sve ljubavi stanu
Vesna voli Vladu, Vlada voli Anu
i to meni pise 
necu da vas lazem
al' njegovo ime
ne smem da vam kazem"
Dobro sam prosla,"Ukus opasnosti
 trenutak slabosti
u sebi kazem ti izvini

Mozda sam zelela
vise od stvarnosti
al' to me nevinom ne cini

Dobro sam prosla
spavao si kada sam dosla
moju tajnu nece saznati
nikad niko

Ref.
Ako me pitas kada sam se vratila
reci cu ti odavno
slagacu te k'o iz topa
i njegov broj pocepacu i bacicu
samo ja cu znati tacno gde
kao pas kad kost zakopa

Bio je usamljen
 bio je ostavljen
sa takvim najlakse sve zgrese

Zena za utehu 
bila sam prvi put
do tada sam trazila da me tese

Ref.

Ref."
Dobrotvorne svrhe,"Sa njom ti je vidim bolje
a nocas sam dobre volje
pogled cu svoj da spustim
i zauvek te pustim

Pojescu svoje suze
i usput svasta stetno
ne boj se, ne boj se
ja paticu diskretno

Ref.
Pozeli mi bar srecu
da prihvatim je necu
u dobrotvorne svrhe
daj sto bi meni

Ja zivecu i dalje
od svojih ideala
jer da od tebe zivim
ja ni jutro ne bih docekala

Sad kad me gledas tako
k'o sto me gleda svako
ne vredi ni da zemlju
zavrtim naopako

Ref. 

Srecna sto ziva sam
opet ubijam se dok gledam te
pa zazmurim 
i zamislim da si sam
svecanu notu svemu dam
ne umire se za nekim svaki dan

Ref."
Dodji,"Tebi je svejedno
sto si me suzama dao
otkad se nisam nasmejala
kad bi znao, eh kad bi znao

Ref. 2x
Dodji, uzmi me od hladnih noci
dodji, jer niko nece doci
jer niko nece moci meni
tebe da zameni

Volis li ti mene
da l' ti je bar malo zao
koliko sam noci proplakala
kad bi znao, eh kad bi znao

Ref. 2x

Jos ti se ja nadam
kao spas u pustoj noci
kakvim si me to nocima dao
kad bi znao, eh kad bi znao

Ref. 2x"
Dokaz,"Imas ruke kao svestenik
a srce bez milosti
tvoja ruka zna da miluje
al' ne zna da oprosti

Ref.
Dokaz, ja sam ti zivi dokaz
kad dvoje ljubav ubiju
samo jedan kaznu snosi

Dokaz, dacu ti zivi dokaz
kada ti budu javili
da voda nesto nosi

Imas lice kao andjeo
a krv ti je necista
krevet ti na cvece mirise
a dusa na zgarista

Ref.

Ref.

Ref."
Doktor,"Juce sam bila prvi put kod doktora
i cik pogodi sta mi je rekao
ostavi tu budalu, svaki drugi bi 
se takvoj zeni vec odavno predao

Otada nocu skitam, spavam ceo dan
kazu mi da sam nacisto posrnula
kafane, diskoteke, zurke, splavovi
ma ja sam samoj sebi u lice pljunula

Ref. 2x
Dok u znoju bilo koju
nocas negde mazis
ja bih opet bila tepih
po kome ti gazis

Danas sam bila drugi put kod doktora
i dao mi je neke roze pilule
nema te doze, nema sile, magije
sto bi sa moga srca cini skinule

Ponekad nekog sretnem, odlepim za tren
pomislim ima nade, mozda proslo je
ali se djavo javi u gorem obliku 
jer moja ljubav stvarno besmrtna je

Ref. 2x

Ref. 2x"
Dragane moj,"Kosu nisam odsekla
jos za tobom pustam je neka raste
i nisam se pomakla
jos sa mesta s kog su te povele laste

Ref.
Dragane moj kad dodjes ti
kada zagrme trube i sve zadrhti
Dragane moj kad dodjes ti

Cuce se, a i znace
Bog i mene pogledace
pascu ti u zagrljaj
pasce mrak sa sunca
a i meni kamen ce sa srca

Ispadam iz koraka
preti da me zacara tvoja soba
kad te vidim, vidim sve
jutro kom se ne svice ma svanuti mora

Ref.

Ref."
"Drugarice, prokletnice","Bile smo nas dve najbolje druge
ko sestre rodjene
da ljubis istog ja nisam znala
krila si od mene
2x

Ref. 2x
Drugarice, prokletnice
sta ucini ti
sta ti znaci u zivotu
saka ljubavi

Sve moje tajne dobro si znala
sve sam ti pricala
a ti si htela da budem bolna
ti si me izdala
2x

Ref. 2x

Ti njemu drugo nista ne znacis
to moje srce zna
jer njega nece voleti niko
ko sto ga volim ja
2x

Ref. 2x"
"Eh, tesko meni","Placem, placem od bola 
Niz lice suze beze 
Ima li ista sreco 
Od naseg rastanka teze 

Ref.
Eh, tesko meni 
Suza za suzom lije 
Nikad mi u zivotu 
Teze bilo nije 

Placem, placem u dusi 
Sve me za tebe veze 
Ima li ista sreco 
Od naseg rastanka teze 

Ref.

Placem, placem za tobom 
U dusi bol me steze 
Ima li ista sreco 
Od naseg rastanka teze 

Ref."
"Eto, eto prodje leto","Eto, eto prodje leto
stize rana jesen
momci mladi meni dragi
nude zlatan prsten
(2x)

Ref. 2x
A ja cura mala
jos bih cvece brala
necu da mi prsten stave
neka me ostave

Pricekajte tog proleca
neka zima prodje
kod koga je ljubav jaka
opet ce da dodje
(2x)

Ref. 2x

Od jeseni do jeseni
varacu vas ja
al' kad dodje pravo vreme
udacu se ja
(2x)

Ref. 2x"
Fatalna ljubav,"Ja te volim cak i kad si u Parizu
u Nju Jork da odes, bio bi mi blizu
ja te volim cak i kad si u Londonu
jer i u Londonu u mom si fazonu

Ref.
To, to, to je ta ljubav fatalna
zbog nje vise nisam ni ja normalna
to, to, to je ta kulminacija
sve su druge njena imitacija

Ja te volim cak i kada si u Kini
jer na moje srce bacio si cini
kada si na brodu, vozu, avionu
ja provodim dane te na telefonu

Ref.

Ja te volim cak i kada mi to skodi
jer to osecanje mome srcu godi
cak i kad se s drugom provodis po svetu
ja te volim makar i na svoju stetu

Ref."
Gore od ljubavi,"Pre nego za milost zamolim svuci me
po svakoj suzi tuci me
ko dete kazni me
ko zenu spasi me

Tako mi malo treba da te prezirem
jos mnogo manje da ti se ne opirem
sav bol u meni ostavi
odes li, to mi je gore od ljubavi

Ref.
Hiljadu razloga je
dovoljno dobrih da bih mrzela te
u ovim nocima bez duse 
koja place za nama

Hiljadu razloga je
ja trazim jedan da bih volela te
pa makar bila andjeo
sama na stubu srama

Ref.

Tako mi malo treba da te prezirem
jos mnogo manje da ti se ne opirem
sav bol u meni ostavi
odes li, to mi je gore od ljubavi"
Greska,"Nisam kao druga deca 
ja sam pala sa meseca
ceo svet za mene brine
bake, ujne, tetke, strine
svi zele da budem dama
a ja hodam na rukama

Ref.
Mama mi se tuzno smeska
tata kaze to je greska
trebala sam musko biti
da se otac sinom dici

Gledano sa njine tacke
ja sve radim naopacke
hocu disko, necu skolu
pijem samo kokakolu
volim klompe, mrzim stikle
ne silazim sa bicikle

Ref.

Smetaju mi svi po kuci 
postali su nemoguci
vezbam dzudo i karate
i zato me ne dirajte
svi jos misle da sam mala
a ja sam se zacopala

Mama mi se tuzno smeska
tata kaze to je greska
sta im drugo preostaje
kad na meni svet ostaje"
Hajde,"24 sata i jos koji dan
odavno vise ostavljeno
ja ne izgledam
rastali smo se ko ljudi
svako je na svom
onda sam jednog jutra
pocela da pricam sa sobom
sama sa sobom

Ref.
Hajde, gurni me u gomilu
da sakrijem se nocas tu
da ne vidi se da sam pukla
hajde, ispod oka vidim sve
tvoje ruke oko nje
i sad bih se u glavu tukla

24 sata i jos koji dan
kako nisam s tobom
i bas se dobro osecam
sve je doslo na normalu
svako je na svom
onda sam jednog jutra
pocela da pricam sa sobom
sama sa sobom

Ref.

Glasovi u glavi govore mi
stavi, stavi cipele na sto
glasovi u glavi, koji li je pravi
kad nijedan nije moj 

Ja ih ne cujem
cujem samo, cujem samo tvoj

Ref."
Hej vrsnjaci,"Hocu da se druzimo do zore
svaka mladost ima vreme svoje
nek nas pesma opusti, nasmeje
ludi provod neka nas zagreje
(2x)

Ref. 2x
Hej vrsnjaci, hej vrsnjaci
nek se pesma cuje
uz godine nase 
ide da se luduje

Hocu da se volimo sto vise
jedno srce za drugo da dise
nek se igra, neka se ne stane
ne moramo nocas na spavanje
(2x)

Ref. 2x

Hocu da se ovo vece pamti
nasa mladost mora da se shvati
nek nas sreca ko ljubav opije
mogu pesme i nesto starije
(2x)

Ref. 2x"
"Hej, ljubavi, ljubavi","Neznosti nema vise
jedno drugom smo strani
dolaze dani tuge 
bicemo opet sami

Ref. 2x
Hej, ljubavi, ljubavi
sto si tako zla
hej, ljubavi, ljubavi 
zar nema prastanja

Ljubav je nasa prosla
vatra se srece gasi
ne moze nista vise
ljubav nasu da spasi

Ref. 2x

Poci ces ti u zoru
poci ces, mora tako
zivecu i bez tebe
nece mi biti lako

Ref. 2x"
Hvata me,"Tu gde ljubav udari
pukne dusa napola
moja je cela ostala

A ja sam tamo ovamo
samo nikad tamo gde
gde se oci prevare

A ti itekako znas
iz ove koze da me isteras
pa boli sve ko pred nevreme

Ref.
Hvata me, hvata kao mecava
ljubav hvata me
celo mi telo obuzme
a ti ni za ruku da uhvatis me

Hvata me, oko srca toplo je
u ponoc hvata me
kao da igram bez muzike
sama ko uvek, po starom je sve

Ja kad pricam, ne pricam
i kada placem, ne placem
i kada volim, ne volim

Jer ja sam tamo ovamo
samo nikad tamo gde
gde se srce otvori

Ref.

Dodji mi u ponoc
dodji mi u podne
bilo kada, bilo kada
dodji mi kad hoces
dodji mi kad neces
a najbolje dodji sada

Ref."
I bogati placu,"Nikad mi nisi bio dovoljan
htela sam zivot, lak i siguran
da svojom srecom, svemu prkosim
e da bar jednom srce i to okusi

Haljina duga, svilen beli sal
pepeljuga bi da napusti svoj bal
kamen na ruci suze ne slusa
voli te tvoja prostakusa

Ref.
I bogati placu zasto ne
teku im suze biserne
u bolu su svi
rodjeni jednaki

I bogati placu zasto ne
ali ih niko ne cuje
u zivotu je sve
mac sa ostrice dve

Prema nebu sam poletela
do samih zvezda gde je svemu kraj
da padnem ja bih pala ponovo
pravo u tvoj zagrljaj

Ref."
Idealno losa,"Krevet nenamesten je, ma, briga me za to
ja necu spavati u njemu sigurno
u prvi ulazim klub ko u saunu
a tamo sedis ti sav u daunu
ma, idealno lose

Ref.
Idealno, idealno lose si ti
za mene idealno da pridjem ti
ti si idealno, idealno lep, tuzan, sam
zbog takvih ko sto si ti
ovde sam dosla, ja idealno losa

Biram samo laksi nacin
kraci put, neki lak plen
nekoga ko dace mi se nocas lako
neko ko je vec ostavljen
ma, idealno lose

Ref.

U mojoj sobi samo tama, samo krs i lom
tako svuda je u gradu mom
ako ne znas s kim bi, gde bi, zasto
onda za tebe je to
ma, idealno lose

Ref. 2x"
Idi dok si mlad,"Idi dok si mlad
dok imas vremena za more promena
za let i za pad, za sutra ili sad
ma idi dok si mlad

Nocas kada gosti odu
odlazi pustam te
dajem ti blagoslov i slobodu
jer pukli smo zar ne

Ref.
Idi gde hoces, ljubi sve zivo
ali ipak drzi bar neki nivo
ne igraj zmurke ma nismo deca
ja vise nemam
ni jednog keca u rukavu

Tako ti je to
od klinca napravis princa za kajanje
iz voza ispadnes
ostanes cak i bez mesta za stajanje

Poljubimo se ko odrasli
jer jasno nam je sve
pokidaj lance dok nismo srasli
jer pukli smo zar ne

Ref. 2x"
Igracka samoce,"Niko nije savrsen
svako ima koban tren
razboli se od toga
i da placem svaki dan
imala bih zasto ja
imam i zbog koga

Pismo, glava, kako kome
svako radi kako zna
ovo secanje na tebe
tvoja je osveta

Ref. 2x
A ja sam omiljena
igracka samoce
sa mnom svako od tad 
radi sta hoce
al' kad probaju 
iz srca da uzmu te
moje telo, moj kavez je

Nikad nisam bila tu
kada ti je trebalo
kasne suze moje
a kad tebe setim se
zamagli ogledalo
i mrzim lice svoje

Ref. 2x

O, zasto nisam videla
da ti zivot tako lepo stoji
to je tebi bilo prirodno
a mene strah cepa i kroji

Ref. 2x"
Ime i prezime,"Hiljadu i jedan put
za sebe sam se uplasila
ljubili su me, a ja nista nisam osetila
od tih olosa postala sam i ja losa

Volela sam jednom ja 
i prevarena ja sam bila
iz te bolesti i najjaci se ne izvuku
od tada smejem se kad o moje srce slome ruku

A onda si se ti pojavio kao da si magija
i za noc uradio da se opet rodim ja
a od sebe sam bila starija

Ref.
Nemam ja godine
 nemam ime ni prezime
s tobom krv sam promenila
 sebe sam pobedila
nek' mi se smeje svet
 lepo biti je razapet
kada se telo ne protivi
s tobom zivim i kad mi se ne zivi

Neka vreme prolazi
ja verovacu u trenutke kad smo zajedno
kad pogledas me iz sve snage
i vratis licu mom tu besmrtnu lepotu lutke

Ref."
Isuse,"Isuse daj mi lavlje srce
da prezivim dane buduce

Sta je to u svakom zlu
stalno hoce da je tu u nama
da nam snagu, da nam moc
pa nas onda prevari i slama

Jer zivot je pas, uvek pokvari sve
uzme i da ono najlepse

Ref.
Isuse daj mi lavlje srce
da prezivim dane buduce
lako ce hrabriji od mene
al' moja dusa ne znam kako ce

Sta je to u svakom zlu
stalno hoce da je tu u nama
da nam snagu, da nam moc
pa nas onda prevari i slama

Jer zivot je pas, uvek pokvari sve
uzme i da ono najlepse
Ref.

Ajde bre, ma daj ne lazi me
ajde bre, daj ne lazi me"
"Izbrisi, vetre, trag","Ref.
Izbrisi vetre njegov trag
nije mi vise mio ni drag

Molim te vetre ko brata
izbrisi njegovo ime
Jer ja sam pricu o sreci
zavrsila s' njime

Ref.

Njega sam volela strasno
a on je voleo druge
S' njim su noci bile
beskrajno more tuge

Ref.

Molim te vetre jos jednom
i njega sa sobom nosi
Ne moze vise da sniva
snove u mojoj kosi

Ref."
Ja cu prva,"Ako treba da ogulim kolena
da ti priznam
kol'ko sam te volela
ja cu prva

Na kraj sveta da ti nosim kofere
da ih skupljam
ako ti se otvore
ja cu prva, ja cu prva

Ref.
Ako treba i sto ne treba
i sto moze i sto ne moze
samo reci ja cu prva

Gde se puca, gde se gladuje
gde za zivot djavo strahuje
samo reci idem prva
idem prva, idem prva

Svako pismo krvlju da ti napisem
da na tvoje prevare
sva mirisem
ja cu prva

Svaku bozju zapovest da pogazim
da zbog tebe
na sunce ne izlazim
ja cu prva, ja cu prva

Ref."
Ja jos spavam u tvojoj majici,"Sinoc sam iz pepela
malo vatre ukrala
i bas kao nekada
s tvojom slikom zaspala

Ref.
Ja jos spavam po navici
u tvojoj majici, u tvojoj majici
ja jos spavam po navici
u tvojoj majici,  tvojoj majici
ja jos spavam

Sinoc sam otvorila
prozore u grudima
i bas kao nekada
prepustila se cudima

Ref.

Sinoc sam poletela
sve do tvojih odaja
na tvoje rame sletela
to se zove predaja

Ref."
Ja tebe hocu (duet Ljuba Lukic),"Ti mi se svidjas
vise od svega
pa biraj onda
mene ili njega 

Ref. 2x
Ja tebe hocu
sta ce mi on
on nema mesta
u srcu mom

S' tobom cu svuda
za tebe sve
ko bi ti sreco
rekao ne
2x

Ja necu tebe
sa njim da delim
nikom te ne dam
jer ja te zelim 

Ref. 2x"
Jadna ti je moja moc,"Uzela sam te noci tudje
nisam smela
sad tu tajnu drzim dalje
od svog tela

Tebe se odrekla, Bogu se zarekla
i nisam poklekla

Zbog toga se danonocno
ja osecam mocno

Ref.
Jadna ti je moja moc
nemocna sam dok postojis
ranilo me trista njih
a samo se ti brojis

Jadna ti je moja moc
kada mi je zivot jadan
u vatri gorim svaku noc
a krevet mi k'o noz hladan

Posle tebe ljubavi nema
sve sam znala
svakom buducem 
tvoje ime sam dala

Ref.

I onda skupim neke ljude
gore od mene da tese me
do jutra placam provode skupe
za neke lazi jeftine

Ref."
K'o na grani jabuka (duet Zeljko Sasic),"Da sam pio, pio sam
sve sam reke popio
preslo mi u naviku
otkad sam te ja izgubio

Da sam krala, krala sam
sve sam zvezde pokrala
preslo mi u naviku
otkad sam bez tebe ostala

Ref. 2x
K'o na grani jabuka
u mom telu zri
jedan zivot, jedna mladost
cvet bez ljubavi"
K'o nekad u osam,"K'o nekad u osam
i sad zelim da ti cujem glas
da zazvoni zvono
da se nebo otvori za nas

K'o nekad u osam
zelim da po mene dodjes ti
da bas kao nekad
podjemo u svet ljubavi

Ref.
Opet bih te otela
od ljudi i vremena
noci s tobom provela
ne bih ti odolela
eto to bih volela

K'o nekad u osam
zelim snovi da zamene dan
korak da ti cujem
pa da sunce udje u moj stan

K'o nekad u osam
zelim opet da mi pridjes ti
da jos jednom samo
osetim taj dah ljubavi

Ref."
Kad bi bio ranjen,"Ja, pre bih ove svoje ruke
zeljne svega vezala u cvor
pre nego da ih grli, ljubi
neki drugi vrazji muski stvor
pred vratima spavala ko pas
kroz vekove gorela zbog nas

Ref.
Kad bi bio ranjen krvi bih ti dala
oba svoja oka, kad bi bio slep
al' uzalud, bez duse si lep

Sve, bila sam ti ljubavnica
ljubavnica i sestra i drug
sve, dala sam ti svoja krila
da preletis i sever i jug
pred vratima spavala ko pas
kroz vekove gorela zbog nas

Ref.

Ref."
Kazem da te volim,"E sad cu stvarno
da se napijem
kad krila dobijem
sve cu da verujem

Al' nocu kad se
sama pokrijem
pomalo bedno je
tebi svejedno je

Ref. 2x
Kazem da te volim
ti ni da pomenes
ja bih da te ljubim
ti glavu okrenes, cemu to
mnogo boli sto smo zajedno

E sad cu stvarno
da te ne volim
to ti se zaklinjem
al' samo jednom jos

Svoju cu ljubav
da razapinjem
za mene dobar si
dobar k'o savet los

Ref. 4x"
Koza pamti,"Nikada, nikada, nikada, nikada
sa tobom vise nikada 

Ni vazduha izmedju dlanova
ni predaha izmedju uzdaha
u prolazu tela pripijena
bez imena, samo bez uspomena

Ref.
Lepo na slepo, te tvoje usne stranca
ma, lepo do bola kad pokupis neznanca
ljubi me ti, nikada te vise necu videti
al' koza pamti

Lepo na slepo, ni kajanja, ni srama
ni juce, ni sutra, ni dzentlmen, ni dama
ljubi me ti, nikada te vise necu videti
al' koza pamti

Ni razmaka izmedju redova
bez pitanja, vidljivih tragova
u prolazu tela pripijena
bez imena, samo bez uspomena

Ref."
Kuda idu ostavljene devojke,"Jos koliko kasnih vozova 
da sacekam i da propustim 
pa da s' nekim svijem gnezdo ljubavi 
da i meni dodje onaj pravi

Ref.
Kuda idu ostavljene devojke
da li se po nekad, dragi, pitas 
kuda idu, cujes li im poruke
zaplaces li kada ih procitas

Jos koliko kisnih drumova 
iza sebe ja da ostavim 
pa da proslost zauvek zaboravim 
srecnom jatu i ja da se javim

Ref.

Ref."
Kuda zuris,"Dosao si da me pitas
da li ti se svidjam
ima vremena, ima vremena
da se s tobom vidjam
(2x)

Ref. 2x
Kuda zuris, kuda zuris
zivot je pred nama
ljubicu te, mozda danas
mozda ovih dana

I ja zelim da ti kazem
srce nema rana
ima ljubavi, ima ljubavi
necu biti sama
(2x)

Ref. 2x

Pozovi me kada mozes
pricu da nastavim
sreco jedina, sreco jedina 
ja cu da se javim
(2x)

Ref. 2x"
Kukavica,"Zagrli me i podji putem
kuda idu kukavice
pratice te moje oci lutalice
zensko srce nezno poput lastavice
sto od bola ugine

Zagrli me, samo jednom
covek budi, ne lazi me
ako odes nikad vise ne trazi me
samo napred, ne muci se, ne gledaj me
ja odavno slutim sve

Ref.
Kukavica, nisam znala
da si takva kukavica
sa mnom spavas
druga ti je nesanica
bojis se da priznas to

Kukavica, ti si samo
jedna vise kukavica
mislis da sam
ona ista devojcica
koju laze bilo ko

Ref."
Lako je tebi,"Jos jednom da zivim
prebolela ne bih
ti si vec sa drugom
lako je lako tebi
(2x)

Opet da se rodim
drugog htela ne bih
a ti znas da zivis
lako je lako tebi
(2x)

Da umrem od tuge
zalio me ne bi
ti ne znas da patis
lako je lako tebi
(2x)"
Lazov notorni (duet Sasa Matic),"Ko produzi dalje, kad sretne te s drugim
u stranu glavu okrene
a kuci kad dodjes, on stope ti ljubi
i nista ti ne spomene

Niko drugi nego ovde covek ovaj
sto jos skuplja
mrvu hrabrosti za kraj

Ref.
Hej, ludu srecu imas ti
sto me druga ne voli
pa si se opustila
sto pozelis, radis mi

Lazem sebe, lazem svet
da ces se promeniti
lazov notorni

Ko ne spava nocu i ceka do zore
dok jos svasta govore
ko zivi sa tobom izmedju juce i sutra
suze i ljubomore

Niko drugi nego ovde ova zena
sto zbog tebe
ima strah od promena

Ref.
Hej, ludu srecu imas ti
sto me drugi ne voli
pa si se opustio
sto pozelis, radis mi

Lazem sebe, lazem svet
da ces se promeniti
moj lazov notorni

Lazov notorni, lazov notorni..

Ref.
Hej, ludu srecu imas ti
sto me drugi ne voli
pa si se opustila
sto pozelis, radis mi

Ludu srecu imam ja
sto se vise ne nadam
sto s tobom uvek znam
bar na cemu sam"
Lepi grome moj,"Bio si moja nevinost i greh, moja trema
na usnama od suza krvav trag
kad god te nema

Veciti strah i moje ludilo
da l' odlazis il' ipak ostajes
sad je sve, sve izmedju nas
samo hoces neces

Ref.
A secas li se, lepi grome moj
nekada je tlo pod nama pucalo
srce je u srcu kucalo
ma, reci gde je zapelo

Secas li se, lepi grome moj
pila sam ti kisu sa ramena
jos sam tvoja munja, oganj tvoj
udari opet, grome moj

Bio si moj oslonac i pad, ono ime
koje sam zvala kada ceo svet
zaboravi me 

Veciti strah i moje ludilo
da l' odlazis il' ipak ostajes
sad je sve, sve izmedju nas
samo hoces neces

Ref.

Evo, zapeni more, zapeni sve u meni
a ti i ja ko dva maslacka
sto se vrte u istoj peni
sto ih vuce na dno

Ref.

Secas li se lepi grome moj 
pila sam ti kisu sa ramena
jos sam tvoja munja, oganj tvoj 
udari opet, grome moj"
Lepotan,"Otkad te sretoh ja nemam mira 
lepota tvoja mene opija
a ti ne zelis da vidis to
jer imas ljubavi sto 
(2x)

Ref. 2x
Zbog takvog zivota tvog 
moji se snovi ruse 
i mrzim lepotu tvoju 
jer nemas srca, jer nemas duse

Tebi je lako kada te vole 
sada te mnoge za ljubav mole 
a znaj ti dobro doci ce dan 
kada ces ostati sam 
(2x)

Ref. 2x

Ti nisi nikad zaljubljen bio 
ti nisi nikad suzu prolio 
ti ne znas sta je ljubavni bol
prazan je zivot moj
(2x)

Ref. 2x"
Licis na moga oca,"Licis na moga oca
isto je mojoj majci 
uzasne stvari radio
rukama golim 
njeno nevino mlado srce
iz grudi na zivo vadio

Eh, da je bilo pravde, andjela, Boga
pa da je malo jos pozivela
pa da mi kaze
sto sam sudbinu njenu dozivela

Licis na moga oca
nocima banes pijan
nesnosan, nervozan i grub
zbog neke druge zene
kafane, drustva, novca
mene uzimas na zub 

Ref.
Zar i Bog sto nebom hoda
vladar carstva nebeskog
zar i on je muskog roda 
okrutnog, okrutnog

Licis na moga oca
na sceni mog detinjstva
najlepseg crnog labuda
zbog kog se svetla gase
zavesa nade pada
iz proslosti nemam nikuda

Eh, da je bilo pravde, andjela, Boga
bar da je malo jos pozivela
da shvatim njene reci
sto nisam musko rodila

Ref."
Ljubav zivi,"Jos uvek zivim tu
gde si cini bacio
ko da nije nestalo
kao dah

Mora biti toga jos
sto si ti odbacio
i zato trazim dok sam ziva
da ne pojede me mrak

Ref.
Koliko ima ovakvih k'o ja
mi sagli smo glave u strahu
da bice jos gore
i bice jer sagli smo glave
a ljubav zivi, a ljubav zivi
kucnuce cas kad ce doci po nas
i kad te pita ti reci
i digni svoj glas
da ljubav zivi, da ljubav zivi

Jos uvek zivim tu
gde se radjam ponovo
k'o da nije ostao
samo strah

Mora biti toga jos
znam da nije gotovo
i zato trazim dok sam ziva
da ne pojede me mrak

Ref.

Zivot ne pita 
nikad sta zelis
nekome sve uzme 
a nekom sve deli

Mi smo u pravu
na nasu stranu
vreme ce stati
stati za nas

Ref."
Luda za sebe,"Kad placem ti me ne gledas
sto tesko disem ti ne pitas
ko da te ne zanima
sto sam bezveze danima
po tebi to je normalno

Ref.
Nemas ti nista s tim
luda sam samo za sebe
iako odem za njim
nije to lose po tebe

Na slikama mojim iskali bes
sve polomi
i tugu za mnom kod neke ti
bolje udomi

Luda za sebe, luda za sebe

Ti ne vidis kad propadam
i kad se s ovo pola srca
nekom dopadam
ko da te ne zanima
sto u zid gledam danima
po tebi to je normalno

Ref.

A ljubav je k'o oruzje
u ruci malog deteta
sto sa njim igra tu
a rane uvek prave su

Ref."
Ludo srce,"Srce moje ludo je
koga ne sme volelo je
pa sad pati i uzdise
njega nema, nema vise

Ref. 2x
Ludo srce sta ti je
budi malo mirnije

Odsad cemo dobro znati
kome cemo ljubav dati
da nam vise bol i tuga
ne postanu verna druga
(2x)

Srce moje boluje
a njegovo neverno je
dusa ga je proklela
a to nije, nije htela

Ref. 2x

U mladosti tako je
srce stalno boluje
pa kad nadje ljubav pravu
sve predaje zaboravu

Ref. 2x"
"Manta, manta","Manta, manta, manta
sve mi se manta kad vidim te
manta, manta, manta
da li i tebi manta se

Neke ljubavi prolaze
neke nikad da se dese
ova moja fenomen je
ko jos moze da podnese
da voli samo tog s kim nije nasamo

Ref.
Obavezno dodji sam
dodji mi na noc, dodji mi na dan
obavezno dodji sam
dodji mi na stan, dodji mi na dlan

Sedam bi od osam bi zena reklo ti
reklo zbogom, kraj
sedam bi od osam bi reklo bi mi bi
al' ja sam osma, znaj

Neke ljubavi su vecne
neke jedna noc odnese
ova moja fenomen je
ko jos moze da podnese
da voli samo tog s kim nije nasamo

Ref.

Manta, manta, manta
sve mi se manta kad vidim te
manta, manta, manta
da li i tebi manta se
(2x)

Ref."
Maskarada,"Ziv se covek na sve navikne
pa valjda cu ja 
ako Bog da, ako Bog da

Da se pravim da me ne vredja
kad odgurnes me
da spasem bar to sto spasiti se da

Da te ne pitam s kim
svaku provodis noc
i sto ne spavamo kao pre

Da ne pobedi gnev
pa da polupam sve
kad mi ujutru dodjes od nje

Ref.
Dobrodosli, drugovi
na nasu malu maskaradu
pozivnice imate
najbolje je to u gradu

Sampanjac otvorite
otkacimo se do daske
i da se goli skinemo
ostace nam nase maske

Ziv se covek na sve navikne
pa valjda cu ja 
ako Bog da, ako Bog da

Da se pravim da te ne cujem
kad opsujes me
da spasem bar to sto spasiti se da

Da ne proklinjem dan
kad sam rekla ti Da
decu sto sam ti rodila

I da foliram sve
da se ne nerviram
sto sam s drugom te videla

Ref."
"Mesec, nebo, zvezdice","Nisi trepnuo kad si priznao
to sto nisam htela da znam
sta si trazio to si dobio
iz te ljubavi izlazis sam

Ref. 2x
Mesec, nebo, zvezdice
brace su i sestrice
a mi kao stranci
ne bi nas ni lanci
hej vezali sad"
Metar odavde (duet Tropico band),"Hej ja nemam kud, nemam kud
i moram da prodjem tu
tu, tu gde se vi grlite
pitam vas kako se mislim se umrite

Hej znala si ko sam ja
hej izvini ali ni zasta
pre nego sto pljunes me
hajde priznaj mi priznaj mi da ovo lozi te

Ref.
Metar odavde, metar odavde
na moje oci druga mi te krade
a meni ravno kao da si stranac
jer za srecu mi ne treba muskarac

Metar odavde, metar odavde
kidam ti srce, kidam na komade
mozda sam djubre, najgori mesanac
al' za nesrecu ja sam tvoj muskarac

Hej dobro jos drzim se
sve ljulja se, rusi se
ti neces to videti
da me oboris nece ti, nece ti uspeti

Hej vodu da otvoris
i tu sam zar ne vidis
taj, taj tvoj bol sam ja
glumis k'o da si bezdusna
 a nisi ravnodusna

Ref.

Hajde priznaj mi
 priznaj mi da ovo lozi te

Ref."
Mokra trava ,"Mokra trava, mokra trava,
od bisernje rose,
ne dolazi dragi vise,
da mi mrsi kose. /x2/ 

Sto ga nema, sto ga nema
ubio ga led,
kad zna da je meni bio
i otrov i med. /x2/

Tanka bluza, tanka bluza,
sva mokra od suza,
ne dolazi dragi vise,
da mi usne pruza. /x2/ 

Sto ga nema, sto ga nema
ubio ga led,
kad zna da je meni bio
i otrov i med. /x2/ 

Noc je pala, noc je pala,
harmonika svira,
ne dolazi dragi vise,
da mi nedra dira. /x2/ 

Sto ga nema, sto ga nema
ubio ga led,
kad zna da je meni bio
i otrov i med. /x2/

"
Mrtvo more,"Sto puta sam ja 
zbog tebe umrla 
i sto puta sam se 
zbog tebe rodila

Zbog lepote u tom bolu 
ja sam propustila sve 
sad vise nemam gde

Ref.
Moj je zivot mrtvo more 
bez ijednog talasa 
samo uspomene plove 
tragom zutih oglasa 

Ti si ostao i bices 
moja zvezda vodilja 
al' se srce sa snom bori 
kao stara dadilja

Sto puta sam ja 
do dna potonula 
i sto puta zbog nas 
na hrid izronila 

Zbog lepote u tom bolu 
ja sam propustila sve 
sad vise nemam gde

Ref."
Mrzi me,"Sto za dvoje, svece, poljupci i reci
sve je jeftino
od nas dvoje ovde 
skuplja je i voda koju pijemo

I ova strast za kraj bedan je pokusaj
da sto je bilo jednom probamo jos jednom
polovna ljubav, polovni snovi, vise ne zovi

Ref.
Prvog dana bicu kriticno
drugog tudja prilicno
vec treceg dana sta, prezivecu tebe ja
bicu lepsa nego ikada i pozvacu te nikada
sta da ti kazem, sta, mrzi me to sam ja

Ti mi nisi dao da na sebe licim
trpela sam to
 i sto mi sada laskas
to je stvarno nicim izazvano

Ref."
Nagovori,"Nagovori bela zena
ciganina da ne luta
drumovima, nagovorila
nagovori otac sina
da ne pije s kumovima 
samo tebe nisam mogla ja

Ref.
Nagovori majka svog jedinca da se zeni
da u vojsku podje s prvom lastom sa jeseni
samo tebe nisam mogla ja
nagovori ljubav ratnika da frulu svira
srce bogatasa da sirotu dragu bira
samo tebe nisam mogla ja

Nagovori suma vuka
da prezimi s jaganjcima 
suma vuka, nagovorila
nagovori sunce grozdje
da zri danom u nevreme
samo tebe nisam mogla ja

Ref.

Da mi kazes, da mi kazes da

Ref."
Ne daj me,"Ne daj me tudjim rukama
ne daj im da me miluju
ne daj me tudjim usnama
ne daj im da me otruju

Ref. 2x
Svi bi hteli avanturu
svak' za ljubav moli
ti me ne daj odbrani me
tebe srce voli

Ne daj me tudjim ocima
ne daj im da me gledaju
ne daj me tudjim nocima
ne daj im da me varaju

Ref. 2x

Ne daj me tudjim lazima
ne daj im da me zavedu
ne daj me nigde od sebe
ne daj im da me odvedu

Ref. 2x"
Ne gusi me,"Ustajem nasmejana
jer sunce sija za sve
a onda vidim te, tu i vreme pokvari se
ne gusi me, ne gusi me

Kada igra mi se
u ritmu muzike te
u sobu udjes mi ti i preskoci mi cd
ne gusi me, ne gusi me

Ref.
Zasto sam depresivna, negativna
neprijatna, gruba, hladna
to pitaj sebe, a ne mene
jer to izbor je tvoj
a tebe sam sita
a ljubavi gladna, ne gusi me

Ponekad odem u mrak
tamo zaboravim sve
a onda osetim te i svetla upale se
ne gusi me, ne gusi me

Sampanjac otvaram
u picu nalazim spas
a onda cujem te, tu je savesti glas
ne gusi me, ne gusi me

Ref.

Hocu da budem sama
masti na volju pustim
i zovem svoje bivse
necu da pricam tise
ni slusalicu spustim
sad mi je previse, ne gusi me"
Ne kuni majko,"Bio je moje mladosti san
bio je moga jutra dan
bio je moja radost i tuga
bila sam njegovoj sreci sluga

Ref.
Ne tuguj majko zbog mojih rana
mozda ce biti i boljih dana
nek ljubi drugu, nek mu je srecno
u dusi mojoj ostace vecno

O majko moja duga je noc
uzalud cekam on nece doc
i ovu zoru cekacu sama
u mojoj dusi sada je tama

Ref.

I ove zore suze cu liti
a on ce tada kraj druge biti
bledilo zore, pesma Kosova
u mojoj dusi nema spokoja

Ref."
Ne racunaj na mene (duet Mira Skoric),"Srce hoce promene 
ne racunaj na mene
dusa vise ne vene 
ne racunaj na mene

Drugom nek' te ozene 
zemlja nek' se okrene
i Bog nek' te spomene 
ne racunaj na mene

Ref.
Na moj nezni zagrljaj 
vise ne racunaj
na slabost i oprostaj 
vise ne racunaj

Jer ja sam slobodna 
da radim sta hocu
i pre bih pristala 
cak i na samocu

Jer ja sam slobodna 
da radim sta zelim
al' necu pristati 
s drugom da te delim
nikada, nikada, 
nikada, nikada"
Necu da budem kao masina,"Nocas u mojoj beloj sobi
U igri senke trazim te
Prazan me krevet svuda zulja
I zato dodji molim te

Ref.
Jer ne i ne, 
ne, ne i ne
Necu da budem ko masina
Nek boli bol, nek pece zar
Al' nikad necu biti stvar
I bas me briga 
da li smem
Necu da se kontrolisem

Nocas u tami moje sobe
Jedino svetlo si mi ti
Prsti po telu ceznju drobe
I zato mi dodji, dodji mi

Ref."
Necu dugo,"Kupi mi kartu u jednom smeru
al' uvek imaj u ljubav veru
ne zatvaraj za mnom ni srce ni vrata
pozeli mi srecu i nista drugo

Ne placi za mnom ne idi necu dugo
a ako me vetar zivota odnese
gde nesrecni stoje svi jedno uz drugo
cekaj me i pati samo ne, nemoj dugo

U kofer stavi par svojih stvari
da ih sa mojim sudbina spari
ne zatvaraj za mnom ni srce ni vrata
pozeli mi srecu i nista drugo
ne placi i za mnom ne idi, necu dugo

A ako me vetar zivota odnese
gde nesrecni stoje svi jedno uz drugo
cekaj me i pati samo ne, nemoj dugo

A kada te vrati trenutak krivice
a hladan ti vetar siba u lice
grli me i ljubi moja tugo, nisi dugo

Tad spustices glavu na ranjene grudi
i pitaces srce da l' prasta il' sudi
i plakacu ko kisa moja tugo, nisam dugo"
Necu protiv druga svog (duet Rade Serbedzija),"Evo vec drugi poziv ide u rat
neki novi mladici idu u rat
i brane zemlju od zemlje
i narod od naroda svog
i brane more od kopna
i kopno od mora svog

Ref. 2x
A ja necu, necu i necu
necu protiv druga svog
a ja necu, necu i necu
ne mogu protiv naroda mog

Godiste 72 tisine, pustinja
godiste 72, rodna je godina
zelenog stola orgije, ubice silnici
godiste 72, rodna je godina

Ref. 2x

Godiste 73, nadesno ravnaj se
godiste 73, ostavi, vrati se
branis zemlju od zemlje
i narod od naroda svog
branis more od kopna
i kopno od mora svog

Ref. 2x"
Nemoj mi prici,"Jednom si to uradio
uradices isto ponovo
nemoj mi prici
jer znam da ces otici
jer ko jedanput ode
ne ume bez slobode

Takav si otkad te znam
adresa ti je lutanje
nemoj mi prici
kajanje nije zanimanje
kog vatra umori kisa ne izgori

Ref.
Odlazi da ne dozivim
ono sto predosecam
jer da prezivim
necu moci znam

Tesko li je kad si sam
tesko li je kad si sam
sam, sam
ostavljene boli sram
(2x)

Ne menja se tek tako
ko je do juce plakao
nemoj mi prici
jer znam da ces otici
jer ko jedanput ode
ne ume bez slobode

Takav si otkad te znam
adresa ti je lutanje
nemoj mi prici
kajanje nije zanimanje
kog vatra umori kisa ne izgori

Ref.

Tesko li je kad si sam
tesko li je kad si sam
sam, sam
ostavljene boli sram
(2x)

Ref.

Tesko li je kad si sam
tesko li je kad si sam
sam, sam
ostavljene boli sram
(2x)"
"Neodoljiv, neumoljiv","Ja sam nocas jedna vise 
s kojom nisi tu
zasto hocu da se vratim 
starom dobrom zlu

Da me mucis, da me kinjis
ko sve robove
da me slomis i potopis
zadnje brodove 

Ref. 2x
Neodoljiv, neumoljiv
voleh te i suvise
takvi kao ti me, duso, ubise

Satovi u mojoj dusi
idu unazad
jedno juce uzelo mi
i sutra i sad

Bol na licu ne prolazi
niti jenjava
moje srce jos za tobom
jos prokisnjava

Ref. 4x"
Netacan odgovor,"Stani gde si krenula
idem, ostavljam te ja
pitas odgovaram
vrata ne nalazim
ne otvaram

Jer i dalje 
ludacki me privlacis
i znacis mi, znacis mi

Ref.
Bedan je taj netacan odgovor
kad pitam te da l' jos volis me
i opet taj netacan odgovor
moze da promeni sve

Ma sipaj mi pica dva
mozda i zaboravim
da si sa drugom bio
a gde su dva, tu su tri
mozda ti i oprostim
sto je nisi ostavio

Spore misli, spor je hod
kao da je klizav pod
polako okrecem se
da vidim pratis li me
al' nema te

Ref.

Ref."
Nevaljala,"Mesec dana spavam sama
sta bi ti na mestu mom
zasto da mi bude sveto
sto je tebi dobro s njom

Plave noci u satenu
i mleko od kokosa
bolje bi ti bilo sa mnom
al' ti nemas ukusa

Ref.
Ti volis nju a tebe ja
o da li to ona zna
ma i da zna nek mi te da
jer nocas sam nevaljala

Svako vece s duhovima
spavam i kad imam s kim
jer iz ove lude glave
ne znam da te izbacim

Plave noci u satenu
i mleko od kokosa
bolje bi ti bilo sa mnom
al' ti nemas ukusa

Ref."
Nevinost,"Dobar ti bivsa sreco dan
dabogda bio ovako sam
da dusa ti za mnom krvari
i buduca svaka te prevari

Tamo gde spavas toplo je
i toj koju ljubis dobro je
o moj prozor vetar udara
o srce jos jedna izdaja

Ref. 2x 
Verovala sam ti sve sto si obecao
nadala ti se kada si me ostavljao
sto mi lomis srce kao kost
s tobom moja tuga gubi nevinost

Srecan ti bivsa sreco let
pricaju ljudi pa saznam sve
kad padnem ja znam da ustanem
al' ne znam bez tebe da opstanem

Ref. 2x"
Nije mi dobro,"Ne bih volela da znam 
koliko mi je ostalo 
jer ne bi mi se dopalo 
da znam da umirem

Hej, taj zivot prokleti 
uz tebe sam zavolela
a previse je razloga 
da ga prezirem

   Ref.  
Lako mi je sto me niko
nece zaliti
lako mi je sto cu tebi
 kratko faliti

A nije mi dobro sto 
ono jedino na svetu mom 
ostavljam drugoj 
i nije mi dobro

Tu gde padne pogled tvoj
sve na meni ozdravi 
i nekako se popravi 
ovaj ruzni svet

 Za tren, ja verujem u sve
 i glava mi se uspravi
 i zivela bih zauvek 
tih minuta pet

Ref."
Nije monotonija,"Svud oko mene ljudi i zene
po zidu senke pripijene
pruzaju ruke, idu ka meni
u ludom ritmu zaneseni
a ja, ko na pustom ostrvu

Nude mi pice i cigarete
malo im fali da polete
al' meni zelje telo lome
ma gde si ti u svemu tome
a ja, ko na pustom ostrvu

Ref.
Nije monotonija sto me nocas ubija
sto mi srce razbija na sitne komade
to je melanholija, nije monotonija
bolest koja probija sve moje blokade

Muzika svira, sve se rusi
haos u glavi, haos u dusi
i sve me opet vuce ka tebi
a ti se igras zasto i ne bi
a ja, ko na pustom ostrvu

Ref. 3x"
Nocas kuca casti,"Ceh na papiru
sve je podvuceno
srce utuceno

Tu, crno na belo
svaka laz prevara
tu je do dinara

Ref.
Duzan si mi brdo para
za vremena dobra stara
al' ces se za dlaku spas'ti
nocas kuca casti

Duzan si mi ti bogatstvo
za propalo nase carstvo
al' ces se za dlaku spas'ti
nocas kuca casti

Bol nema cenu
to je najskuplja stvar
to je najveci dug

Jer Bog stvori zenu
da sve besplatno da
stvori zenu ko ja

Ref."
Ocima te pijem,"Lepotom te mladost kiti
U mom oku uvek ti si
Ja te volim kao niko
A jos me poljubio nisi 

Ocima te pijem
Kao sunce kapi rose
Volela bih da zanosis
U mirisu moje kose

O, dali ce snovi moji
Jednom java da postanu?
Te zelene oci tvoje 
Sa mnom da zauvek ostanu"
Od glave do pete,"Ove noci moras doci
nesto da ti kazem
ja te volim, ja te volim
ne mogu da lazem
(2x)

Ref. 2x
U tebe sam zaljubljena
od glave do pete
poljubi me, poljubi me
nisam vise dete

Uvek kazes vragolasto
devojce sam ja
da za ljubav, da za ljubav
imam vremena
(2x)

Ref. 2x

Kad me budes poljubio
videces i sam
da ja mogu, da ja mogu
mnogo da ti dam
(2x)"
Od tebe ne znam da se oporavim,"Na podu sklupcana sedim celu noc
od straha ne mrdam i ne pokrecem
jer cim ustanem od tvoje stvari
udaram se i saplicem

Da bar sam pijana otreznila bih se
da sam poludela, izlecila bih se
al' bez tebe sam nemocna da idem
a da ne posrcem

Ref.
Od tebe ne znam da se oporavim
sto kvario si ne znam da popravim
pruzam ti ruke da ih milujes
pre smrti da me jos jednom ubijes

Odjednom stize me
sve od cega sam k'o luda bezala
svih ovih godina i naglas zovem te
da me opet prevaris i ostavis

Da bar sam pijana razumela bih to
al' trezna nesrecu dozivam nocas
promenio si me, gotova sam
obuzelo me je zlo

Ref. 2x"
Ona,"Mene zovu ona
imena mi se niko ne seca
svako vece ja sam ovde samo leteca
blokirani filteri za bol
ma super mi je to

Ref.
Dobar klub, ali previse je lica
a ja stari samoubica
dolazim jos jednom po tvoje ne
opet, da se razbijem o tvoje grudi
da mi moje ludilo sudi
svako na svoj nacin prazni se
na svoj nacin

A ti volis nju
Kako prica, ma vidi kako hoda
kakva sminka, ma kakva garderoba
kada gleda bode kao iglama
a ti volis nju

To je roba za pare nekog snoba
kada udje, ma gori cela soba
to je pravi pakao na stiklama

Mene zovu ona, zoves me i ti
al' moj je ego netaknut
izgled vara, nije vazan cilj nego put
ustajem i padam puta sto
ma super mi je to

Ref.

Pogazicu obecanje
sta sam rekla vise-manje
ko bi sebe pored tebe
drzao za rec

Ref. 2x"
Oprostajna vecera,"On dolazi na veceru
na oprostajnu veceru
i ide, znam, druga zena

I sreca meni namenjena
razbi se k'o posuda sa ledom
bas istog trena, on zuri da me tesi
nema vremena

K'o ovu kocku leda nek' me zalede
kad nadju lek za tugu nek' me probude
nek' mi sacuvaju mladost i lepotu
jer volece me mozda on u drugom zivotu

Ref.
Jos borim se za vazduh
 i trezna se teturam
dlanovi se znoje
 i u glavi sve se vrti

Zaledite mi srce
 zaledite mi suze
ja verujem u ljubav 
i posle najduze, najduze smrti

On sa njom ima planove
i zeli da ih prvo ja cujem
bas, lepo od njega

Jer ona ga ne zamara
u svemu mu odgovara 
i kaze bas, istog trena da zuri
 da se svadja, nema vremena

K'o ovu kocku leda nek' me zalede
kad nadju lek za tugu nek' me probude
nek' mi sacuvaju mladost i lepotu
jer volece me mozda on u drugom zivotu

Ref.

Ref."
Oprosti mi suze,"Sutra kada prodje 
sta je noci milo
ti ne pricaj drugovima 
sta je sinoc bilo

Potajno me ljubi 
zaboravi s mesta
al' ne reci nikom 
tajnu naseg mesta

Ref.
Oprosti mi suze
reci mala zdravo
al' ne reci nikad
da si sa mnom spavo

Sutra kada budem 
sama i bez tebe
nasu malu tajnu 
ti cuvaj za sebe

Ref."
Pazi s' kime spavas,"Pazi s' kime spavas
ko se sa mnom budi
osetice sta je zena
kad poludi

Kada jednom se obuces
i zakopcas ego svoj
kasno je da se pitas
zasto, zasto si se skinuo
da cutis kada si lepo saputao

Kada jednom budes nezan
kasno je da budes grub
i da okreces mi ledja
cega bi se stideo
kada si me celu video

Ref.
Pazi s' kim spavas
ko se sa mnom budi
osetice sta je zena
kad poludi

Pazi koga biras
za ulogu zrtve
resices se mene
samo preko mene, mene mrtve

Zvacu tvoju vernu zenu
da joj kazem s kim si sad
i po gradu cu da pricam
da si los u krevetu
zato ti je bolje lezi tu

Pod kozom ti je jos miris moj
moja ti kosa na ramenu
bicu uvek u srcu tvom
kao mac u kamenu

Punu saku svih tableta
u inat cu progutati
budices me, drmaces me
ali ja cu spavati
poruka je jasna, kriv si ti

Ref."
Pepeljara,"Na mapi moga lica znak 
tu gde si me poljubio
okrutan i modar stoji trag
To nije ujed ljubavi
vec samo Judin poljubac 
kad se ljubi 
ko ti nije drag

Tuzna i sama ja cekam  te 
a tebe nema ne javljas se
a onda bacim pogled na sto 
tu imam sve sto je potrebno

Ref.
Ja i pepeljara i tvoja prevara 
ko jedno srce kucamo
i kako casovi bez tebe prolaze 
polako pucamo 

Ja i pepeljara i tvoja prevara
u istoj vatri gorimo
a tebe nema tu 
da prospes pepeo
kada izgorimo

Kad dodjes da ti oprostim
noge od blata obrisi
ostalo ce ona ja to znam
Da kad me opet prevaris 
za tobom vise ne cistim 
svoje ruke da ne uprljam

Tuzna i sama ja cekam  te 
a tebe nema ne javljas se
a onda bacim pogled na sto 
tu imam sve sto je potrebno

Ref."
Pile ,"Ovo je svet za pametnije
ovo je put za neke hrabrije

A moje srce je pile drhti od straha kada grmi
nezno k'o svila na kaldrmi
a moje srce je pile pokislo, zuto i malo
sto je kraj orla jednom zaspalo

Ref.
Nijedan nije ti bio ni blizu niti ce ko
a ja sam sa svakim otisla predaleko
al' ne stignes nigde kada te slome i sruse ti sve
leti dalje sam, dole ne gledaj, ne

Moje suze prema tebi padaju
moje suze prema tebi padaju
moje suze padaju na gore

Ovo je svet za neke vaznije
ovo je put za neke snaznije"
Plan B,"Ej, kad te blize pogledam 
zgodan si i ne
dobar si za jednu noc
al' ne i za dve

Sinoc si me mazio
pa bi hteo jos
danas je moj horoskop 
dobar, a tvoj los

Ref.
Okolina moja zna, okolina ce ti reci
da za tobom, provereno, vene necu seci
ode jedan, dodju dva
proci ce ih jos toliko
a ja drhtim samo kad mi je zima
ne svidja mi se niko

Ej, nemoj da se zanosis
da te zelim ja
ti si samo jedna jos 
lazna uzbuna

Jedan vise promasaj 
greska i plan B
dobar si za jednu noc
al' ne i za dve

Ref.

Ponekad placem da niko ne cuje
jer biti sam, bedno je
ponekad zelim da nekom predam se
ljubav me steze, a ja ne dam se

Ref."
Pogresan broj,"Pogresili ste, pogresan broj
niko ko se tako zove ne zivi vise tu
ne trazite ga, ne poznajem ga
otkud vam ta ideja da sam plakala
spustite, prekinite
mozda me sada pozove

Ref.
Ne trazite mesec u zoru
jer tu ne spada
ne trazite njega kraj mene
ni sad ni nikada

Ne trazite kisu gde gori
jer tu ne pada
ne trazite njega kraj mene
ni sad ni nikada

Ne budite me, zar nemate sat
i tako vec mesec dana nisam spavala
ne trazite ga, ne poznajem ga
otkud vam ta ideja da sam plakala
spustite, prekinite
mozda me sada pozove

Ref.

Ref."
Ponudjen k'o pocascen,"I kada imas me, i kada nemas me
i kada imam te kao da nemam te
ovaj krevet je samo trpeza prazna
ti uvek si sit, a ja uvek sam gladna

I vise volim da, da mi kazes ne
nego da ispadne kao da teram te
jer tvoje je da kao poslednje parce
sto ukusa nema i jedva se zvace

Ref.
I nudim ti se ja
nudim, al' ti me odbijas
ti nista ne trazis
i sve sto neces dobijas

I nudim ti se ja
a ti vec negde posluzen
ma, samo sedi tu
ponudjen k'o pocascen

I kada pustas me, i kada branis mi
nekako preskoci taj zid ljubavi
kad me najmanje zelis, kad se najmanje nadas
zavedem te lako i najbrze padas

Ne navaljujem, al' tako izgleda
uzalud krijem to od tvojih pogleda
sto ko umorni mravi po meni klize
svaki me jede, a nijedan ne grize

Ref. 2x"
Popij me kao lek,"Pusti da budem casa
iz koje pijes 
necu ti dati vise ja 
suze da lijes
(2x)

Ref. 2x
Popij me kao lek 
produzicu ti vek 
uzmi me kao dar 
i nikad neces biti 
sam ni star

Pusti da budem jastuk 
na kome spavas 
jer samo pored mene 
slatko ces da sanjas
(2x)

Ref. 2x

Pusti da budem pesma 
kojoj se divis 
jer uz tu pesmu dragi 
lakse ces da zivis
(2x)

Ref. 2x"
Poziv,"U ovom gradu ti si zver
i ne znam sto se noci te
u srcu alarm nije oglasio
da kaze stani, ne idi
tu gde si poveo me
i za mnom svetla odmah ugasio

Te usne sto pritisle su moje
bile su k'o dugme za samounistenje
i ljubila sam ludo 
kao da mi je poslednje

Ref.
Bio si poziv koji se ne odbija
od nesrece je samo sreca losija
kad treba da vratis je
a tek si se docep'o nje

Taj mi se poziv sad o glavu obija
a ja samo ludja, ludja sto sam starija
i posle tebe ni sa kim 
ja ne mogu da spavam

Tu gde si druge vodio
ti lepo si govorio
moja ljubav lako menjala te
i vec sam decje glasove
ja cula niotkuda
a tebe tako brzo proslo je sve

Ref.

Bio si poziv koji se ne odbija
od nesrece je samo sreca losija
i posle tebe ni sa kim 
ja ne mogu da spavam

Taj mi se poziv sad o glavu odbija
a ja samo ludja, ludja sto sam starija
i posle tebe ni sa kim 
ja ne mogu da spavam"
"Prljavo, prljavo","Da ljubav prenosis
da ljubav prenosis zasto krio si
dzabe sam jutros ja oprala case 
iz kojih pio si

Hiljadu bacila sa dve hiljade krila
na mene je vec sletelo
imuna na ljubav ja nikad nisam bila
na mene si je preneo
a ti, a ti

Ref.
Prljavo, prljavo, igrao si na kvarno
a ja mislila s tobom cu lako
proci cu samo tako
prljavo, prljavo, rekla sam ti ne
znao si, kada popijem malo
pristajem na sve

Da ljubav prenosis
da ljubav prenosis nisam znala ja
dzabe sam jutros ja poljupce tvoje
sa sebe skidala"
Probudi me kad bude gotovo,"Ja sam ono sto zelis
zar uopste jos sumnjas u to
i zato nemoj da delis
tu ljubav svuda okolo

I dok ocima je nocas volis
ja prolazim kroz pravi pakao
necu da budem vise svedok svome bolu
ispod casti mi je to

Ref.
I plakacu, plakacu, plakacu
suzama u boji njene haljine
i zaspacu, zaspacu, zaspacu
probudi me kad bude gotovo sve

I plakacu, plakacu, plakacu
spavaca mi soba sluzi za to
voli je ocima, voli je
probudi me kad bude gotovo

Nikad uspela nisam da se promenim
pustam ti sve
mene mozes da imas
i onda kada povredis me

Ref.

Ref."
Pustite me da ga vidim,"On je bio ljubav moja
prva suza sto je pala
taj sam osmeh na dnu duse
za sav zivot zakljucala

Ref. 2x
Pustite me da ga vidim
da ga vidim, na tren samo
jer nas dvoje jos imamo
jedno drugom, sta da damo

On je bio moja sreca
prvi uzdah sto se ote
sad na njega sve podseca
o nesrecni moj zivote

Ref. 2x

Otiso je ne znam kuda
cija li ga ljubav zvala
al' znam samo da sam njemu
cvet mladosti svoje dala

Ref. 2x"
Radjajte decu,"Dosadno vam je i nema nade
monoton zivot sve je tezi
radjajte decu iz dosade
kad deca dodju dosada bezi

Besni ste i sve vas nervira
na ivici ste teskog stresa
radjajte decu iz cista mira
kad deca dodju nestane besa

Buducnost lepa se sprema
imate sve sto vam drago
al' sta to vredi kad dece nema
deca su najvece blago

Ref. 2x
Radjajte decu, radjajte decu
radjajte, radjajte, radjajte decu

Tuzni ste i nece biti bolje
sve vam se sanse negde skrise
radjajte decu iz mrzovolje
kad deca dodju tuga zbrise

Sami ste pa dani u tami
stalno vrebaju rdja i zloca
radjajte decu, makar i sami
kad deca dodju ode samoca"
Rasulo,"I nocas radi bol za tebe
i dok te zamisljam tu kraj sebe
od srece mogu da skocim u dalj

Al' kada otvorim natekle oci
nista nije u mojoj moci
stvarnost me u glavu lupi kao malj

Ref.
Kao recidiv ti si uvek ziv
u zlo teras me, kako da odbijem te
u ovom rasulu ja dodajem nulu
na svaki moj promasaj
ti likuj i uzivaj

U ovom rasulu ja samo za sebe
na usne stavljam sjaj
da budem lepa za kraj
da budem lepa za kraj

I nocas radi bol za tebe
ocajno zelim te za sebe
nekako imas moje sudbine kod

A kada pogledam zidove bele
iz mojih secanja dolaze strele
i jedna bela ruka pada na pod

Ref.

Hocu da vidim sebe u plavom
u daljini je luka ista za sve
i znam da sam sada na mestu pravom
da konacno svega oslobodim se

A kome ide sve ovo 
kad jednom ne bude me
sve ce to stati u slovo
a tebi ostavljam te

Ja dodajem nulu
za svaki moj promasaj
ti likuj i uzivaj

U ovom rasulu ja samo za sebe
na usne stavljam sjaj
da budem lepa za kraj
da budem lepa za kraj"
Rekom bez vode,"Bilo je vatri, nijedna da ogreje
belih snegova, nijedan da zaveje
suvom rekom bez vode zivot mi ode
na mostu ne platis, platis na cupriji
jer senka sudbine uvek te prati
i da ti nekog istog ko ti

Ref.
Ko mi te je poslao
nece nazad da te primi
nekome si suvisan
sto bas meni jedini

Tesko mi je voleti te
tesko ti je biti zena
al' od svega je najteze
za tebe biti rodjena

Bilo je tajni, nijedna da ispliva
i slatkog raja, drugi da uziva
na vetru staklenih krila ptica sam bila
na mostu ne platis, platis na cupriji
jer senka sudbine uvek te prati
i da ti nekog istog ko ti

Ref.

Odavno nisam pitanje cula
zasto se ne smejes, mala
pa se nasmejem tek da ne bih plakala 
2x"
Rodjen sa greskom,"Probala sam jednom da te promenim
ja kad volim uvek lose procenim
ne krivim te za to za uvrede i kraj
takvi ko ti nikad, nikad ne idu u raj

Ref.
Sta ti vredi rodjen si sa greskom
sve je to u tvojim genima
a ja samo emotivna luda
ceo zivot sa kretenima

Ma sta ti mogu rodjen si sa greskom
sve je to u tvojim genima
a ja samo emotivna luda
ceo zivot sa kretenima

Probala sam jednom da ti verujem
ja kad volim onda i preterujem
ne krivim te za to za uvrede i kraj
takvi ko ti nikad, nikad ne idu u raj

Ref."
Sta je to u tvojim venama,"Izlazim iz tvoga stana
uplakana, uplakana
a znam da je sinoc tamo
opet druga milovana

Sta, sta, sta, sta 

Ref. 2x
Sta je to u tvojim venama
sto te tera drugim zenama
sta je to u muskoj cudi
sto me tera da poludim

Kad te zovem telefonom
zauzeto sve do zore
pa mi srce moje kaze
vodis tajne razgovore

Sta, sta, sta, sta 

Ref. 2x

Oko tebe cura puno
pa mi suze kvase lice
a ti kazes bas si luda
to su moje drugarice

Sta, sta, sta, sta 

Ref. 2x"
Sta jos mozes da mi das ,"Ti me gledas belo ispod obrva 
a ja zurim u prazno 
dajes sve od sebe da ostanem 
nazalost ni pod razno 

Jer ti si sve nase tajne 
drugim ljudima odao 
a mene, mene si prodao 
(2x)

Ref. 2x
Sta jos mozes da mi das 
ako Boga znas
kad mi ne trebas 

Ti i ja smo suprotni polovi 
mi smo sever i jug 
za tebe me vezu samo bolovi 
ne mozes mi biti cak ni drug 

Jer ti si sve moje tajne 
drugim zenama odao 
a mene, mene si prodao
(2x)

Ref. 3x"
Stereo bol,"U suprotnom smeru
vozim dvesta na sat
tuga brza je i peske prestize me
ovo na radiju nasa je pesma, zar ne

Na zadnjem sedistu sa crne haljine cvet
u mojim venama promila vise od pet
samo ta nasa stvar prokleto ziva je
ne bih stala ni da kidam zice
stani pesmo, stani izdajice

Ref.
Kao stereo bol i ove noci blizu si ti
a deset ljubavi jos, daleko si
halo, ima li koga u ovom oblaku nemira
zove te zauvek tvoja Lajka iz svemira

Kroz olujnu noc vozim bez farova
prasina secanja
za mnom podize se
ovo na radiju nasa je pesma, zar ne

Tvoj sat u pregradi je za rukavice
po mokrim staklima krvare musice
samo ta nasa stvar
prokleto ziva je

Ref.

Ref."
Steta za mene,"Stvarno steta za mene
a mogla sam ja da budem sve
a nisam, steta je

Svi su hteli mi dobro
a ja sam birala
za sebe samo najgore

Steta je, steta je
steta za mene
sto znala sam
da sklonim se
drugom da krene

Ref.
Ma ne volis ti mene
kol'ko je meni 
do mene ravno
ja niko sam i nista
al' makar necu
propasti slavno
al' uspela sam, zar ne
da me svi zaborave
pa i ti

Stvarno steta za mene
milion koraka
a cilja nisam imala
steta je

Evo tonem sve dublje
to zivot vuce me
a kako sam samo plivala

Ref.

Evo odbijam da budem prva
na toj pocasti zbogom i hvala
jos tu mrvu sebe ja bih sebi dala

Ref."
Sto put' sam se zaklela,"Kol'ko sam te volela
sto put' sam te proklela
i za dugo cekanje
i za noci besane

Ref. 2x
Sto put' sam se zaklela
da sam tebe volela
i jos sto put' zakleti
da te necu voleti

Ako ces me varati
ja ti necu prastati
srce ce me boleti
ali cu ti vracati

Ref. 2x

Srce cu ti slomiti
jer cu drugog ljubiti
a ti gledaj kako znas
da me vise ne varas

Ref. 2x"
Sto si tako zaboravan,"Sinoc si tako lepo pricao
srce se moje topilo
i ljubav si mi svoju priznao
jutro je sve promenilo

Ref. 2x
Sto si tako zaboravan
kad si sreco tako mlad
sta ce biti kad ostaris
kad pameti nemas sad

Sinoc si najsladje saputao
dok si mi usne ljubio
u zoru nekud si odlutao
i trag ti se izgubio

Ref. 2x

Sinoc sam tvoje ime hvalila
dok smo o sreci mastali
u zoru sliku sam ti spalila
isti si ko i ostali

Ref. 2x"
Sve sto imam i nemam,"Varas, zaboravljas na nas
al' crna oka dva
znaj gledaju u vas

Izmedju tebe i nje
i kada sami ste
nesto moje je

Ruke da odgurnu te
usne da ujedu te

Ref.
Ljubavi, a gde je tu moj znoj
dabogda umro na njoj
ti gresis, a greh je moj
ljubavi, i noc ce proci ta
zauvek ostaces ti
sve sto imam i nemam ja

Varas, zaboravljas na nas
a tisinu tu
razbice moj glas

Ma lazi sebe,lazi nju
al' nesto moje je
i nocas s vama tu

Ref.

Sto bih bacila sad sve
sve te godine truda i cuda
vatre sto nocima budila sam
mir sto suzama kupila sam
stegnem zube, predomislim se
da imam srce, zaboravim se
da imam srce

Ref."
Sve u svoje vreme,"Nana kaze pazi se
momci su mangupi
svi bi da poljube 
pa da se izgube
(2x)

Ref. 2x
Sve u svoje vreme
nek ne brine nana
od takvih mangupa
cuvat cu se sama

Nana kaze mlada sam
momci su mangupi
ako se zaljubim
pamet da ne gubim
(2x)

Ref. 2x

Nana kaze lepa sam
momci su mangupi
ne veruj sto kazu
jer svi momci lazu
(2x)

Ref. 2x"
Svice dan,"Nema vatre u kaminu
da nas ogreje
ni jacine u tom vinu
da nas napije

Izgubismo jednu ljubav
a dobili dve
svako svoju kad sabere
manje nego pre

Ref.
Svice dan, ko ruzan san
sudnji dan
zadnja nam zora
zadnja ljubomora

Lutalice bolje zive
nego ti i ja
njima noge negde idu
nase nikuda

Izgubismo jednu ljubav
a dobili dve
svako svoju kad sabere
manje nego pre

Ref."
Tacno je,"Tacno je nisam bila cvece
rastanak boleti te nece
tacno je, gresila sam jako
ziveces ti bez mene lako

Tacno nisam ja mala
da stetu nikom ne bih priznala
najlepsu lutku ja sam razbila
ja sam sve lepo upropastila

Tacno je da sam
ponekad vise popila
da sam se s nekim drugim topila
i tvoje snove sve potopila

Ref.
Tacno je
sa tobom nisam umela
sa tobom nisam uspela
jer sam te ludo volela

Tacno je da sam sebicna
ponekad mozda obicna
ali za jedno priznaj mi
bila sam ti odlicna

Za tvoje mane prakticna
za bolje dane tragicna
ali za jedno priznaj mi
bila sam ti odlicna

Tacno je da sam bila teska
tesi se bila sam ti greska
tacno je ako ti to znaci
sad samoj sebi kazem placi

Tacno nisam ja mala
da stetu nikom ne bih priznala
najlepsu lutku ja sam razbila
ja sam sve lepo upropastila

Tacno je da sam
ponekad vise popila
da sam se s nekim drugim topila
i tvoje snove sve potopila

Ref.

Tacno nisam ja mala
da stetu nikom ne bih priznala
najlepsu lutku ja sam razbila
ja sam sve lepo upropastila

Tacno je da sam
ponekad vise popila
da sam se s nekim drugim topila
i tvoje snove sve potopila

Ref."
To Miki,"Onoga dana kad smo se sreli
bese nam jasno ljubav smo hteli
i nikog nismo videli mi
samo smo bili, samo smo bili, ja i ti
(2x)

Ref. 2x
Zvao si me mala Liki
a ja tebe samo Miki
brojali smo poljupce
u minutu sto, sto, sto
to Miki to, to Miki to

Naidje tako to cudno doba
kada se zeli ljubav da proba
naidju tako godine lude
kad usne zele, kad usne zele, da ljube
(2x)

Ref. 2x

Zivot je lep i nema kraja
pred nama vrata od samog raja
i nikog nismo videli mi
samo smo bili, samo smo bili, ja i ti
(2x)

Ref. 2x"
Trazio si sve,"Trazio si sve, sve sam ti dala
tebi reci ""Ne"", nikad nisam znala
citav moj si svet
za druge necu da znam

Zaveo si me, lepo si to znao
ljubila sam te, srce si mi krao
jasno mi je sve
sad kad ostavljas me

Ref.
Ja te volim, od ljubavi sva gorim
paticu i plakacu, al' necu da molim
ja svoje srce i sve sam ti dala
a od tebe ni oprosti, ni hvala

Ja te ljubim, al' znam da te gubim
jos uvek sanjam da srecna se budim 
s' gorkim suzama, s' mukom se borim
umrecu radje, al' necu da molim

Zaklinj'o si se, ljubav obecav'o
nadala sam se, snagu si mi dav'o
kao nikad pre
sanjala sam nestvarne sne

Uzeo si sve, lazi si mi dao
izgubila sam sve, i nije mi zao
imala sam bar
jedno ludo mastanje i zar

Ref.

Ref."
Trepni,"Trep, trep, trep, trep
trepni, trepni, trepni

I nece me biti i zaspace nade
kao jaganjci gladne
al' vuci ce makar
i na tren bar biti siti

Trep, trep, trepni, trepni
ma samo trepni 
i ja cu za tebe da umrem
i sve ce da ti krene
meni su ruke odsecene

Ref.
Mozda sam rodjena, rodjena
vredna pomena
a ti odrekni se javno moga imena
veruj drugima kada ti mene ogade
mrzi mene, a ljubav ne

Negde imaces decicu da te nauce
da oni pravi nikad ljubav ne muce
veruj drugima kada ti mene ogade
mrzi mene, a ljubav nemoj, ne

Ref.

Ref."
Trula visnja,"Iz tasne ruz pade na pod
od soka kad te videh, da lezis kraj nje
i razbi se poslednji kliker
mog nadanja da sanjam to sve
u zlo doba puce k'o iz pakosti
lastis moje hrabrosti

Ref.
Pala sam u zoru, pala
vise nisam izdrzala
sad neka mi iz knjige rodjenih ime brisu
na tom mestu gde sam pala
ostala je mrlja mala
kao da je neko zgazio trulu visnju

Opsovah je i gurnuh je
onako kako umem ja zenstveno
al' odbi me taj tvoj pogled
pun mrznje i baci na tlo
radujte se duse, sitne, prodane
od iste ste rdje skovane

Ref.

Ta ista ja sto je blistala
do samih zvezda se dizala
sad tu puzim pred tobom
i njom, ta ista ja

Slomljenih dugih noktiju
i pocepanih carapa
u taj se prizor
ne uklapa, ista ja

Ref."
Turbulentno,"Osim sto spavas sa njom sve je super
i sto me treci dan vec nisi zvao
i sto bi drugima ti mene dao 
ti inace si fer i sve je super

Ref.
Boli ovaj sto, boli moje drustvo blesavo
sto bez tebe sedim celu noc
pa me tese, nude mi pomoc
a meni super

Bas je super dim, bas se dobro provodim
uopste te ne vidim, pukla sam kompletno
ljubav ili sok, sta je znacu sutra ja
nocas mi je sve turbulentno

Osim sto je viski dzin i to bez leda
i sto u oci me ta tvoja gleda
i sto sam prosula po sebi puder
inace sve je full i sve je super

Ref.

Ref."
U snu ljubim medna usta (duet Keba),"Sanjao sam nocas 
jedno crno oko
leteo sam u snovima
visoko, visoko 

Sanjala sam nocas
jedno crno oko
letela sam u snovima
visoko, visoko

Ref. 2x
U snu ljubim medna usta
eh, ljubavi, zeljo pusta

Plakalo je jutros
jedno crno oko
tonuo sam u ponore
duboko, duboko 

Plakalo je jutros
jedno crno oko
tonula sam u ponore
duboko, duboko

Ref. 2x

Ref. 2x

Eh, ljubavi, zeljo pusta"
Udace se suze moje,"Hej zvono je zazvonilo
meni je odzvonilo
 otvorio si vrata

Hej rekao gosti su mi tu 
idi, dodji ujutru
ja usla iz inata

Tu cula sam njen glas 
i samo vrisnula 
u sebi naglas

Ref.
Udace se suze moje
kumovace njima tvoje
lazi sto si pricao
medju prvima ces mili
saznati to

Pozvacu te, ti ces doci
da odolis neces moci
da me vidis, znam i sto
moju propast nikad ne bi
propustio


Hej svetlo se upalilo
u meni sve se smracilo
 otvorio si vrata

Ref."
Usnule lepotice,"Ti stvarno mislis
da si nezni princ
na belom konju
Malo je sada kasno
za nas dvoje

Produzi dalje
mozda sebi nadjes
neku bolju
Za mene bajke
vise ne postoje

Ja nisam heroina 
nekog starog nemog filma 
i nista nece biti od romanse 
Neka bi druga bila cak 
i srecna da te ima 
Al nasa ljubav 
veruj, nema sanse 

Ne glumi 
odavno nestale su 
usnule lepotice 
I cuti ti nudis 
a ja necu tvoje 
lazne poljubce 
Ne glumi 
odavno nestale su 
usnule lepotice 
I cuti ti nudis 
a ja necu tvoje 
lazne poljubce 

Ti sanjaj svoje snove 
samo tako mozes naci 
poljubce vrele 
kada zora svice 
ja nemam nadu 
da se nebo moze 
srcem taci 
sve sto smo duze 
samo gore bice "
"Ustani, budi se","Evo vec je devet
uveliko mrak
a ti grlis krevet
to je rdjav znak
(2x)

Ref.
Ustani, budi se i zaljubi se
devojke cekaju, svakoj ljubi se
ustani, budi se ceo svet je nas
devojke zovu te, pokazi im sta znas

Evo vec je deset
svud se sapuce
a ti mesto mene
grlis jastuce
(2x)

Ref.

Evo vec je ponoc
zabavlja se grad
a ti samo spavas
zasto kad si mlad
(2x)

Ref."
Vazduh koji disem,"Vazduh koji disem 
ne treba mi, ne
kol'ko usne tvoje 
sto me ne ljube 

Ref.
Ne treba mi niko 
pustite me svi 
idite, idite od mene 
pevajte, pijte, ljubite se 
idite, idite u zivot 
njegovo nista meni je sve 

Voda koju pijem 
ne treba mi, ne 
kol'ko ruke tvoje 
sto me ne grle

Ref."
Vec vidjeno,"Ti bi da me nocas
opet rasplaces pred svetom
recima da seces
moje vene k'o ziletom

Da me od vesele pretvoris u tuznu 
da me od najlepse pretvoris u ruznu
o, sve je to s tobom vec vidjeno

Ref.
Mozes da me milujes
mozes da me silujes
mozes da me ubijes
svejedno je

Nema vise milosti
moju ruku vodi Bog
nocas zrtva drzi mac
dzelata svog

Sta ces da mi radis
sto vec radio mi nisi
dvoboje bez casti
samo nastavio ti si

Ti bi od normalne napravio ludu
i da me sigurnu ostavis u cudu
o, sve je to s tobom vec vidjeno

Ref.

Ref."
Veliko srce,"Veliko je srce moje
a ja bih ga samo tebi dala
kako moze da se voli
verovala nisam, nisam ni znala
(2x)

Ref. 2x
Veliko srce u meni ima
srce sto mnogo voleti zna
pitam se pitam kad volim tako
da li sam ja sa srca dva

Veliko je srce moje
veliko je kao sunce s' neba
zeli uvek da te greje
i zauvek tebi da se preda
(2x)

Ref. 2x

Veliko je srce moje
a ja bih ga samo tebi dala
kako moze da se voli
verovala nisam, nisam ni znala
(2x)

Ref. 2x"
"Vidimo se, daso","Vece, guzva preko mosta
vidim svega ti je dosta
meni svega malo je

Meni se i nocas zivi
ludilo u perspektivi
da spavam rano je

Od svojih sam tajni gora
ne trebas mi da se slomim
meni treba neko
 koga ne moram da molim

Ref.
Vidimo se, daso
vidimo se, svud se cuje muzika iz kola
taksi sms-om zvala sam do pola
idem sama, gde su nocas svi

Svega mi je malo
izlazaka, love, seksa, cujes li budalo
jos ni pola u moj zivot nije stalo
i po mene vise ti ne dolazi

Pune usne, ruke gole
idem tamo gde me vole
tu je najbolje

Ref.

Ti si kriv kad sebi nisam lepa
ti si kriv sto sam tako bleda
i ti si kriv sto kraj tebe mene nema

Ref."
Viski,"Mala nocna navika
vec me hvata panika
niko me jos nigde nije pozvao
idem sama, nema sta
sta se ovde desava
kakva guzva, kakvo je to ludilo

Da li da se vratim, sve me nervira
pomeri se bar da prodjem ja

Ref.
Sipaj viski preko malo leda
hajde, ljuljaj, ljuljaj, tako treba

Evo, stojim ceo sat
dripci disu mi za vrat
malo me je sve to vec umorilo
nikog ne znam, a sve znam
tako je to kad si sam
kao da se ovo vec dogodilo

Ti si treci sto me pita
s kim sam dosla, gde cu posle
i da li mi je mozda malo, malo vise dosadno
ti si treci koga lazem
da sam s nekim, da sam posla
i da mi je ovo trebalo

Ref."
"Volela sam, volela","Trazim drugog, al' srce nece
nece ni da zna, nece ni da zna
ljubim drugog, al' srce pati
pati ko da zna, pati k'o da zna

Ref. 2x
Volela sam, volela, volela sam ga
cekala sam, cekala, srce da mi da

Kog' da trazim kad njemu dadoh
sve i ostah sama, sve i ostah sama
sta da nudim kad njemu dadoh
sve i ostah sama, sve i ostah sama

Ref. 2x

Opet kad bih rodila se
njemu sve bih dala, njemu sve bih dala
jos jednom kad bih ja da biram
drugog ne bih zvala, drugog ne bih zvala

Ref. 2x"
Volim te,"Zelim te, tako te silno zelim
al' reci dve ne mogu reci sve
kol'ko bi rekle usne
kad bi te ljubile
(2x)

Ref. 2x
Volim te, tako te ludo volim
al' reci dve ne mogu reci sve
kol'ko bi rekle ruke
kad bi te grlile

Trebas mi, tako mi jako trebas
al' reci dve ne mogu reci sve
kol'ko bi reklo telo
kad bi te volelo
(2x)

Ref. 2x

Veruj mi, tebi cu dati sve
dodji sto pre, srce mi umire
noci su moje hladne
dodji i uzmi me
(2x)

Ref. 2x"
Votka sa utehom,"Sluzite li ovde 
duplu votku s utehom
kad nestane mi para 
platicu vam osmehom
jer kosta me ljubav ta
ni tuga nije besplatna

Ref:
Pola sam pijana
a tek je pola dva
tu oko pola tri 
naglas cu plakati

Pola sam pijana 
on je u srcu mom
koliko kostaju
suze s ledom

Na sanku pored mene 
on se nezno mazi s njom
sluzite li ovde viski 
s duplim uzdahom
jer kosta me ljubav ta
ni tuga nije besplatna

Ref."
Vreteno,"I da sam te pratila
ko sever severnjacu
ti bi vetar terao
na svoju vetrenjacu

Kome milujes sjajnu kovrdzu
sjajnu raspustenicu
zbog koje bi lud promenio cud,
veru i krstenicu

Ref:
Koja nocas na tvoj racun pije
kusur ne vraca
Upresce ti srce u vreteno
vretena ti dva.

I da sam te cuvala
kao oka zenicu
ti bi vodu terao
na svoju vodenicu"
Zaboravi,"Zaboravi, zaboravi
i odlazi

Samo jednom zora zarudi
samo jednom telo poludi
samo jednom i nikad vise
prijaju kise

Samo jednom tisina svira
samo jednom srce bira
samo jednom i nikad vise
suze ne brises

Ref. 2x
Zaboravi, zaboravi
da sam te ikad volela ludo
zaboravi i nestani
samo se jednom desi cudo

Samo su jednom cvale ciklame
nisi ni jednu ubrao za me
samo si jednom rekao da
kad sam odlazila
(2x)

Ref. 4x"
Zabranicu srcu da te voli,"Moje su oci plakale
moje su usne drhtale
a tebe nije bilo
a tebe nije bilo
(2x)

Ref. 2x
Zabranicu srcu da te voli
zabranicu dusi da ti prasta
i u susret novoj zori
poletecu drugome ko lasta

Moje su grudi ceznule
moje su ruze venule
a tebe nije bilo
a tebe nije bilo
(2x)

Ref. 2x

Moje su suze padale
moje su ruke trazile
a tebe nije bilo
a tebe nije bilo
(2x)

Ref. 2x"
Zabranjeni grad,"Ja sam tu
da pruzim sto ne mogu
obecam sto ne ide
slazem kad ne treba
voli me

Ja sam tu
da se menjam iz korena
svaka na gore je promena
voli me

Za mene ti je ljubav
zabranjeni grad
a mnogo sam ih, brate
ja srusila do sad
voli me, voli

Ref. 2x
A ti mi na to kazes idi pa se leci
i sve je jasno samo istina se krije
bolelo je kao da si prvi
sad mi nije, nista mi nije

Voli me, voli
voli me, voli me

Ja sam tu
u oci da ne gledam
da najbolje izgledam
kad se najgore osecam
voli me

Ja sam tu
da ti kazem sto ne mislim
da se kunem kad izmislim
voli me

Za mene ti je ljubav
zabranjeni grad
a mnogo sam ih, brate
ja srusila do sad
voli me, voli

Ref. 2x

Voli me, voli
voli me, voli me

Sto mozes danas ostavi za sutra
u zdravom telu glava je luda
i sve je dobro sto se lose svrsi
kad samo sebe nosis na dusi
o, voli me, voli

Ref. 2x

Voli me, voli
voli me, voli me

Voli me, voli
voli me, voli me"
Zabranjeno pusenje,"Rekao je samo nosi se
ma briga me i ubi se
na glavu si se meni popela
o Boze, tesko sam to podnela

Htela sam prvo da se obesim
da secem vene da se otrujem
umesto toga sedam na voz
promenit cu zivot, skroz na skroz

Ref.
Od nervoze strasno mi se pusi
cigareta bila bi resenje
palim vatru, a kad tamo pise
zabranjeno pusenje

Nervoza mi izlazi na usi
cigareta lek je za smirenje
palim vatru, ko ce da izdrzi
zabranjeno pusenje

Nude mi beli luk i rakiju
na noge staju i dobacuju
iz kog sam filma Boze ispala
sve bih na jedno mesto poslala

Kondukter mrtav, pijan ulazi 
i pravo meni prilazi
iz dzepa uzima mi pare sve
kupujem kartu ne znam za gde

Ref.

Rekao je samo svega sam sit
prekinuo zadnju nit
hocu da zivim dalje po svom
pogodio me ko sa neba grom

Iz glave reci mi ne izlaze
dok mesta kao ljudi prolaze
jos malo pa ce me da napiju
u tom vozu za nedodjiju

Ref."
Zadrzacu pravo,"Zadrzacu pravo svoje
da im ne dam da me bude
da ni za sta vise nisam
za ulicu ni za ljude
da me niko ne vidi
i da nikog ne vidim

Ref.
Da ne pitam nikad ko je
zadrzacu pravo svoje
ne pitam jer znam da nisi ti
da im ne dam da me guse
dok se s tobom tajno vidjam
u metrou svoje duse

Zadrzacu pravo svoje
da se suncam u svom mraku
da pocrnim u svom srcu
kao zlato na junaku
da me niko ne vidi
i da nikog ne vidim

Ref.

Zadrzacu pravo
da ti prevedem ime
na sve svetske jezike
i da na svakom od njih
znaci ljubav

Ref."
Zagrljaj,"I ti, i ja, umiremo
da se na tren bar dodirnemo
k'o put u raj ljubav je ta
i vecna je, i nemoguca

I zivece dva neduzna
dva pretuzna, hej

Ref.
Zaradice na mom bolu
nocni sviraci
tek kad te vidim 
sunce ce izaci
o, samoco sviraj kraj

I bicemo mozda stari
za neke stvari
pred nama samo prazni kalendari
al' nikada stari za zagrljaj

I svaki moj korak je greh
bez tebe dan, bez tebe smeh
u nista sve pretvorili smo
da patimo zasluzili smo

Ref.

Zivot je najduzi most
koji moramo preci
bez daha ostanes
jer taj san o sreci
unisti te, pre nego ostvari se

Ref."
Zamalo,"Oduvek sam bila spremna za sve
i na najveci bol samo na tebe ne
tebe poslale su neke sile zle
da mi stanes na put i da unistis me

Ref.
Zamalo da poginem
zamalo da otkinem
a srce bas zapelo
da slomis ga zamalo
zbog ljubavi nimalo
zbog neznosti premalo
zamalo da otkinem i poginem

Imala sam dobar zivot, zar ne
prijatelje i dom nekog ko voli me
tebe poslale su neke sile zle
da mi stanes na put i da izgubim sve

Ref.

Ref."
Zarila sam zar,"U ovu casu vise niko ne doli ni kap
prepuna je tvojih lazi i prevara
u ovo srce vise niko ne donese ljubav
nemam ja vise snage ni nerava

Ref. 2x
Zarila sam zar 
i topila led
ne mogu vise 
na tebe je red

Niz ovo lice padace suze za dugo jos
navikle su na samocu i lutanja
na ove usne ne stavi osmeh ni dobar ni los 
umorne su od tisine i cutanja

Ref. 2x"
Zelim te u mladosti,"Osvajas me ti polako,
Nemirno je srce moje,
Pa se pita zbog mladosti,
Sta je moje, sta je tvoje.

Ref.
Hej, zelim te u mladosti,
Daj, daj mi malo radosti,
Hocu da se opustim,
Prestani, prestani s tim.

Zelela sam da uzivam,
Pored tebe bez problema,
Al' se bojim u ljubavi
Da bez toga srece nema.

Ref.

Ostavljas me da razmisljam,
Sta ce biti medju nama,
Mislis da sam ravnodusna,
Biti s' tobom ili sama.

Ref."
"Zlato, srecan put","Zlato, srecan put ka zagrljaju mom
pred tvoje noge bacam samu sebe
lezim ovde sama, umorna od sna
a srce steze, preskace zbog tebe

Ref.
Nema nista novo otkad nisi tu
nema nikog novog u mom narucju

Zlato, srecan put ka zagrljaju mom
peva zemlja po kojoj ides
zaustavicu sve oluje, vetrove
samo da mi dodjes, srecno stignes

Ref."
Znam,"Dah na staklu kao magla
vrhom prsta pesma draga
i na kraju slova
tvoga imena

Srce kuca, tika taka 
ulica je puna mraka
ja bih nocas
samo tebe ljubila

Veruj suze necu kriti
to sto bude to ce biti
nema nade
kad se ladje potope

Jer za mene samo ti si
tebi plove moje misli
kad na satu kazaljke
se poklope

Ref.
Znam nema nade
znam idu zime
samo nocas da sam tvoja
pa zauvek ostavi me

Znam sve ce proci
znam nikad vise
jer te tvoje crne oci
nose meni vecne kise"
